<?xml version="1.0" encoding="UTF-8" ?>
<data>
	<item>
		<titre><![CDATA[Witch - Saison 2 - Tome 04]]></titre>
		<type>BD</type>
		<datedeparution>22/01/2014</datedeparution>
		<isbn>978-2-344-00010-6</isbn>
		<ean>9782344000106</ean>
		<prix>11.50</prix>
		<pages>56</pages>
		<largeur>215</largeur>
		<hauteur>293</hauteur>
		<serie><![CDATA[Witch]]></serie>
		<numero><![CDATA[Saison 2 - Tome 04]]></numero>
		<collection><![CDATA[Witch]]></collection>
		<Auteur><![CDATA[Collectif Disney]]></Auteur>
		<editeur>Disney</editeur>
		<resume><![CDATA[<p><strong>Retour des <em>magical girls</em> pour une deuxi&egrave;me saison&nbsp;!</strong></p> Les Witch partent ensemble en vacances à la mer, dans le bungalow de la famille d'Irma.Un jour, Will découvre avec surprise une étrange marque à son poignet. Pour éclaircir ce mystère, les Witch vont voir Yan Lin qui leur raconte l'histoire de Nérissa, une ex-gardienne qui fut corrompue par sa soif de pouvoir. Comme punition, la renégate fut condamnée à être enfermée dans un sarcophage de pierre et de glace. Mais Nérissa va bientôt se réveiller et, avec l'aide d'un chevalier qu'elle a créé pour se venger, elle deviendra la prochaine ennemie de nos Witch...Après le succès international de la publication de cette série en presse et une série animée, les éditions Glénat publient depuis novembre 2011 les albums BD de WITCH, pour le plus grand plaisir des amoureux dhumour, de magie et daventure !]]></resume>
		<soustitre><![CDATA[La marque de Nérissa]]></soustitre>
		<couverture>http://www.glenat.com/images/02cata/JPG/9782344000106-X.jpg
		</couverture>
		<lien>http://www.glenatbd.com/bd/witch-saison-2-tome-04-9782344000106.htm
		</lien>
		<planche1>http://www.glenat.com/images/02cata/planches/9782344000106-P-1G.jpg
		</planche1>
		<planche2>http://www.glenat.com/images/02cata/planches/9782344000106-P-2G.jpg
		</planche2>
		<planche3>http://www.glenat.com/images/02cata/planches/9782344000106-P-3G.jpg
		</planche3>
		<planche4>http://www.glenat.com/images/02cata/planches/9782344000106-P-4G.jpg
		</planche4>
		<vignette>http://www.glenat.com/images/02cata/02couv/9782344000106-V.jpg
		</vignette>
	</item>
	<item>
		<titre><![CDATA[La Proie]]></titre>
		<type>BD</type>
		<datedeparution>15/01/2014</datedeparution>
		<isbn>978-2-344-00014-4</isbn>
		<ean>9782344000144</ean>
		<prix>49.00</prix>
		<pages>1008</pages>
		<largeur>170</largeur>
		<hauteur>240</hauteur>
		<serie><![CDATA[La Proie]]></serie>
		<numero><![CDATA[La Proie]]></numero>
		<collection><![CDATA[1000 Feuilles]]></collection>
		<Auteur><![CDATA[David De Thuin]]></Auteur>
		<editeur>Glénat bd</editeur>
		<resume><![CDATA[<p>Une histoire compl&egrave;te en 10 000 cases r&eacute;parties sur 1 000 pages</p> Un jour, sur la plage d'une île mystérieuse, deux créatures nommées Tipôme et Bumble secourent un naufragé inanimé. Il sappelle Topuf et na rien à voir avec les habitants du coin. Il semblerait même qu'il soit l'élu d'une obscure prophétie. Topuf, lui, n'en a rien à faire de cette histoire de prophétie. Il veut juste retrouver son fils, disparu lors du naufrage, et rentrer chez lui... Ses sauveurs lui promettent qu'il aura toutes les réponses en se rendant au sommet de la Pire-Aînée, la plus haute montagne du continent. Mais cest un voyage long et semé dembûches durant lequel ils vont tous devoir apprendre à surmonter leurs peurs. À travers une formidable épopée, Topuf, Tipôme et Bumble rencontreront également une foule de personnages hauts en couleur venus assister, eux aussi, à la réalisation de la prophétiePour fêter les cinq ans de la collection 1000 Feuilles, David De Thuin sest fendu dun ouvrage de 1 000 pages et de 10 000 cases exactement ! Au-delà de lexercice de style, il nous livre une aventure palpitante et bourrée dinventivité, dont la maîtrise narrative est telle quon ne voit même pas défiler les pages.]]></resume>
		<soustitre><![CDATA[]]>
		</soustitre>
		<couverture>http://www.glenat.com/images/02cata/JPG/9782344000144-X.jpg
		</couverture>
		<lien>http://www.glenatbd.com/bd/la-proie-9782344000144.htm</lien>
		<planche1>http://www.glenat.com/images/02cata/planches/9782344000144-P-1G.jpg
		</planche1>
		<planche2>http://www.glenat.com/images/02cata/planches/9782344000144-P-2G.jpg
		</planche2>
		<planche3>http://www.glenat.com/images/02cata/planches/9782344000144-P-3G.jpg
		</planche3>
		<planche4>http://www.glenat.com/images/02cata/planches/9782344000144-P-4G.jpg
		</planche4>
		<vignette>http://www.glenat.com/images/02cata/02couv/9782344000144-V.jpg
		</vignette>
	</item>
	<item>
		<titre><![CDATA[One piece - Édition originale tome 22]]></titre>
		<type>MANGA</type>
		<datedeparution>03/01/2014</datedeparution>
		<isbn>978-2-7234-9478-6</isbn>
		<ean>9782723494786</ean>
		<prix>6.90</prix>
		<pages>208</pages>
		<largeur>115</largeur>
		<hauteur>180</hauteur>
		<serie><![CDATA[One Piece]]></serie>
		<numero><![CDATA[Édition originale tome 22]]></numero>
		<collection><![CDATA[Shônen]]></collection>
		<Auteur><![CDATA[Eiichiro Oda]]></Auteur>
		<editeur>Glénat Manga</editeur>
		<resume><![CDATA[Alors quune explosion est sur le point de souffler la grande esplanade du palais royal, Luffy parvient enfin à retrouver Crocodile !! Il lui faut absolument remporter ce combat décisif pour mettre un terme à la rébellion qui secoue le royaume dAlabasta !!]]></resume>
		<soustitre><![CDATA[Hope !]]></soustitre>
		<couverture>http://www.glenat.com/images/02cata/JPG/9782723494786-X.jpg
		</couverture>
		<lien>http://www.glenatmanga.com/one-piece-edition-originale-tome-22-9782723494786.htm
		</lien>
		<planche1></planche1>
		<planche2></planche2>
		<planche3></planche3>
		<planche4></planche4>
		<vignette>http://www.glenat.com/images/02cata/02couv/9782723494786-V.jpg
		</vignette>
	</item>
	<item>
		<titre><![CDATA[One piece - Édition originale tome 23]]></titre>
		<type>MANGA</type>
		<datedeparution>03/01/2014</datedeparution>
		<isbn>978-2-7234-9479-3</isbn>
		<ean>9782723494793</ean>
		<prix>6.90</prix>
		<pages>240</pages>
		<largeur>115</largeur>
		<hauteur>180</hauteur>
		<serie><![CDATA[One Piece]]></serie>
		<numero><![CDATA[Édition originale tome 23]]></numero>
		<collection><![CDATA[Shônen]]></collection>
		<Auteur><![CDATA[Eiichiro Oda]]></Auteur>
		<editeur>Glénat Manga</editeur>
		<resume><![CDATA[Engagé dans un combat sans merci contre Crocodile, Luffy est désormais au bord de leffondrement. Mais les liens de lamitié sont plus forts que tout et redonnent à notre héros la force de poursuivre, pour quenfin sachève la tragédie qui frappe Alabasta !]]></resume>
		<soustitre><![CDATA[L'aventure de Vivi]]></soustitre>
		<couverture>http://www.glenat.com/images/02cata/JPG/9782723494793-X.jpg
		</couverture>
		<lien>http://www.glenatmanga.com/one-piece-edition-originale-tome-23-9782723494793.htm
		</lien>
		<planche1></planche1>
		<planche2></planche2>
		<planche3></planche3>
		<planche4></planche4>
		<vignette>http://www.glenat.com/images/02cata/02couv/9782723494793-V.jpg
		</vignette>
	</item>
	<item>
		<titre><![CDATA[One piece - Édition originale tome 24]]></titre>
		<type>MANGA</type>
		<datedeparution>03/01/2014</datedeparution>
		<isbn>978-2-7234-9480-9</isbn>
		<ean>9782723494809</ean>
		<prix>6.90</prix>
		<pages>208</pages>
		<largeur>115</largeur>
		<hauteur>180</hauteur>
		<serie><![CDATA[One Piece]]></serie>
		<numero><![CDATA[Édition originale tome 24]]></numero>
		<collection><![CDATA[Shônen]]></collection>
		<Auteur><![CDATA[Eiichiro Oda]]></Auteur>
		<editeur>Glénat Manga</editeur>
		<resume><![CDATA[Luffy et ses amis ont quitté Alabasta et sapprêtent à poursuivre leur périple. Mais un personnage inattendu fait son apparition sur le bateau !! À peine remis de leurs émotions, nos héros découvrent que selon le log pose, leur prochaine destination se situe au-dessus des nuages !!]]></resume>
		<soustitre><![CDATA[Croire en ses rêves]]></soustitre>
		<couverture>http://www.glenat.com/images/02cata/JPG/9782723494809-X.jpg
		</couverture>
		<lien>http://www.glenatmanga.com/one-piece-edition-originale-tome-24-9782723494809.htm
		</lien>
		<planche1></planche1>
		<planche2></planche2>
		<planche3></planche3>
		<planche4></planche4>
		<vignette>http://www.glenat.com/images/02cata/02couv/9782723494809-V.jpg
		</vignette>
	</item>
	<item>
		<titre><![CDATA[One piece - Édition originale tome 25]]></titre>
		<type>MANGA</type>
		<datedeparution>03/01/2014</datedeparution>
		<isbn>978-2-7234-9481-6</isbn>
		<ean>9782723494816</ean>
		<prix>6.90</prix>
		<pages>208</pages>
		<largeur>115</largeur>
		<hauteur>180</hauteur>
		<serie><![CDATA[One Piece]]></serie>
		<numero><![CDATA[Édition originale tome 25]]></numero>
		<collection><![CDATA[Shônen]]></collection>
		<Auteur><![CDATA[Eiichiro Oda]]></Auteur>
		<editeur>Glénat Manga</editeur>
		<resume><![CDATA[Lîle céleste existe-t-elle vraiment ?! Partagé entre lespoir et lappréhension, léquipage décide de rendre visite à Cricket, le paria de lîle de Jaya, afin de lui demander sil existe un moyen datteindre les cieux. Quelle va être sa réponse ?!]]></resume>
		<soustitre><![CDATA[L'homme qui valait 100 millions]]></soustitre>
		<couverture>http://www.glenat.com/images/02cata/JPG/9782723494816-X.jpg
		</couverture>
		<lien>http://www.glenatmanga.com/one-piece-edition-originale-tome-25-9782723494816.htm
		</lien>
		<planche1></planche1>
		<planche2></planche2>
		<planche3></planche3>
		<planche4></planche4>
		<vignette>http://www.glenat.com/images/02cata/02couv/9782723494816-V.jpg
		</vignette>
	</item>
	<item>
		<titre><![CDATA[One piece - Édition originale tome 26]]></titre>
		<type>MANGA</type>
		<datedeparution>03/01/2014</datedeparution>
		<isbn>978-2-7234-9482-3</isbn>
		<ean>9782723494823</ean>
		<prix>6.90</prix>
		<pages>192</pages>
		<largeur>115</largeur>
		<hauteur>180</hauteur>
		<serie><![CDATA[One Piece]]></serie>
		<numero><![CDATA[Édition originale tome 26]]></numero>
		<collection><![CDATA[Shônen]]></collection>
		<Auteur><![CDATA[Eiichiro Oda]]></Auteur>
		<editeur>Glénat Manga</editeur>
		<resume><![CDATA[Une fois parvenus sur lîle céleste, cest un monde totalement différent du leur que découvrent les membres de léquipage du Vogue Merry ! Tout excité par ce nouvel environnement, Luffy sapprête à partir à laventure lorsque la police vient leur annoncer quils sont hors-la-loi !]]></resume>
		<soustitre><![CDATA[Aventure sur l'île de Dieu]]></soustitre>
		<couverture>http://www.glenat.com/images/02cata/JPG/9782723494823-X.jpg
		</couverture>
		<lien>http://www.glenatmanga.com/one-piece-edition-originale-tome-26-9782723494823.htm
		</lien>
		<planche1></planche1>
		<planche2></planche2>
		<planche3></planche3>
		<planche4></planche4>
		<vignette>http://www.glenat.com/images/02cata/02couv/9782723494823-V.jpg
		</vignette>
	</item>
	<item>
		<titre><![CDATA[One piece - Édition originale tome 27]]></titre>
		<type>MANGA</type>
		<datedeparution>03/01/2014</datedeparution>
		<isbn>978-2-7234-9483-0</isbn>
		<ean>9782723494830</ean>
		<prix>6.90</prix>
		<pages>192</pages>
		<largeur>115</largeur>
		<hauteur>180</hauteur>
		<serie><![CDATA[One Piece]]></serie>
		<numero><![CDATA[Édition originale tome 27]]></numero>
		<collection><![CDATA[Shônen]]></collection>
		<Auteur><![CDATA[Eiichiro Oda]]></Auteur>
		<editeur>Glénat Manga</editeur>
		<resume><![CDATA[Accusés davoir pénétré clandestinement sur lîle céleste et contraints de subir le jugement divin, Luffy et ses amis donnent tout ce quils ont dans le combat qui les oppose au premier prélat !! Ce nest quaprès laffrontement quils seront amenés à découvrir la vérité la mieux gardée de lîle]]></resume>
		<soustitre><![CDATA[Prélude]]></soustitre>
		<couverture>http://www.glenat.com/images/02cata/JPG/9782723494830-X.jpg
		</couverture>
		<lien>http://www.glenatmanga.com/one-piece-edition-originale-tome-27-9782723494830.htm
		</lien>
		<planche1></planche1>
		<planche2></planche2>
		<planche3></planche3>
		<planche4></planche4>
		<vignette>http://www.glenat.com/images/02cata/02couv/9782723494830-V.jpg
		</vignette>
	</item>
	<item>
		<titre><![CDATA[One piece - Édition originale tome 28]]></titre>
		<type>MANGA</type>
		<datedeparution>03/01/2014</datedeparution>
		<isbn>978-2-7234-9484-7</isbn>
		<ean>9782723494847</ean>
		<prix>6.90</prix>
		<pages>192</pages>
		<largeur>115</largeur>
		<hauteur>180</hauteur>
		<serie><![CDATA[One Piece]]></serie>
		<numero><![CDATA[Édition originale tome 28]]></numero>
		<collection><![CDATA[Shônen]]></collection>
		<Auteur><![CDATA[Eiichiro Oda]]></Auteur>
		<editeur>Glénat Manga</editeur>
		<resume><![CDATA[Parti à la recherche de la cité dor sur Upper Yard, léquipage du Vogue Merry se retrouve impliqué dans un combat qui ne devrait pas être le sien : celui des Shandia tentant de regagner leur terre natale aujourdhui sous lemprise dEner. Cest le début dune véritable opération survie pour nous amis]]></resume>
		<soustitre><![CDATA[Wiper le démon furieux]]></soustitre>
		<couverture>http://www.glenat.com/images/02cata/JPG/9782723494847-X.jpg
		</couverture>
		<lien>http://www.glenatmanga.com/one-piece-edition-originale-tome-28-9782723494847.htm
		</lien>
		<planche1></planche1>
		<planche2></planche2>
		<planche3></planche3>
		<planche4></planche4>
		<vignette>http://www.glenat.com/images/02cata/02couv/9782723494847-V.jpg
		</vignette>
	</item>
	<item>
		<titre><![CDATA[One piece - Édition originale tome 29]]></titre>
		<type>MANGA</type>
		<datedeparution>03/01/2014</datedeparution>
		<isbn>978-2-7234-9485-4</isbn>
		<ean>9782723494854</ean>
		<prix>6.90</prix>
		<pages>240</pages>
		<largeur>115</largeur>
		<hauteur>180</hauteur>
		<serie><![CDATA[One Piece]]></serie>
		<numero><![CDATA[Édition originale tome 29]]></numero>
		<collection><![CDATA[Shônen]]></collection>
		<Auteur><![CDATA[Eiichiro Oda]]></Auteur>
		<editeur>Glénat Manga</editeur>
		<resume><![CDATA[La bataille qui oppose léquipage du Vogue Merry, les Shandia et les hommes dEner avec ce dernier à leur tête sur Upper Yard atteint son paroxysme !! La prédiction dEner comme quoi ils ne seront plus que cinq à tenir encore debout après trois heures passées sur lîle va-t-elle se révéler juste ?! Que va-t-il advenir de Luffy et ses amis ?!!]]></resume>
		<soustitre><![CDATA[Oratorio]]></soustitre>
		<couverture>http://www.glenat.com/images/02cata/JPG/9782723494854-X.jpg
		</couverture>
		<lien>http://www.glenatmanga.com/one-piece-edition-originale-tome-29-9782723494854.htm
		</lien>
		<planche1></planche1>
		<planche2></planche2>
		<planche3></planche3>
		<planche4></planche4>
		<vignette>http://www.glenat.com/images/02cata/02couv/9782723494854-V.jpg
		</vignette>
	</item>
	<item>
		<titre><![CDATA[One piece - Édition originale tome 30]]></titre>
		<type>MANGA</type>
		<datedeparution>03/01/2014</datedeparution>
		<isbn>978-2-7234-9486-1</isbn>
		<ean>9782723494861</ean>
		<prix>6.90</prix>
		<pages>208</pages>
		<largeur>115</largeur>
		<hauteur>180</hauteur>
		<serie><![CDATA[One Piece]]></serie>
		<numero><![CDATA[Édition originale tome 30]]></numero>
		<collection><![CDATA[Shônen]]></collection>
		<Auteur><![CDATA[Eiichiro Oda]]></Auteur>
		<editeur>Glénat Manga</editeur>
		<resume><![CDATA[Face au terrifiant dieu Ener, les combattants sont à bout de forces et baissent les armes les uns après les autres. Cest à se demander sil nest pas déjà trop tard pour empêcher ce monstre de réaliser ses projets Apparu de nulle part dans une situation désespérée, Luffy sapprête pourtant à défier ce redoutable adversaire !!]]></resume>
		<soustitre><![CDATA[Capriccio]]></soustitre>
		<couverture>http://www.glenat.com/images/02cata/JPG/9782723494861-X.jpg
		</couverture>
		<lien>http://www.glenatmanga.com/one-piece-edition-originale-tome-30-9782723494861.htm
		</lien>
		<planche1></planche1>
		<planche2></planche2>
		<planche3></planche3>
		<planche4></planche4>
		<vignette>http://www.glenat.com/images/02cata/02couv/9782723494861-V.jpg
		</vignette>
	</item>
	<item>
		<titre><![CDATA[Robert Moses - Le Maître caché de New York]]></titre>
		<type>BD</type>
		<datedeparution>08/01/2014</datedeparution>
		<isbn>978-2-7234-9584-4</isbn>
		<ean>9782723495844</ean>
		<prix>22.00</prix>
		<pages>104</pages>
		<largeur>200</largeur>
		<hauteur>273</hauteur>
		<serie><![CDATA[Robert Moses - Le Maître caché de New York]]></serie>
		<numero><![CDATA[Robert Moses - Le Maître caché de New York]]></numero>
		<collection><![CDATA[1000 Feuilles]]></collection>
		<Scénariste><![CDATA[Pierre Christin]]></Scénariste>
		<Dessinateur><![CDATA[Olivier Balez]]></Dessinateur>
		<editeur>Glénat bd</editeur>
		<resume><![CDATA[<p><strong>La vie du grand r&eacute;novateur de New York</strong></p> À New York, il est presque impossible de marcher, de rouler, de nager, de pratiquer un sport, de sasseoir ou même de dormir sans utiliser la création dun certain Robert Moses, véritable équivalent new-yorkais du baron Haussmann. De 1930 à 1970, cet architecte va littéralement transformer le visage de la Grande Pomme en construisant quelques-unes de ses structures les plus célèbres comme le pont de Verrazano. Grand urbaniste, il créera également de nombreuses aires de jeux, des piscines ou des écoles et bâtira 150 000 logements, remplaçant ainsi ceux quil avait fait détruire pour dégager de soi-disant taudis et faire passer ses routes... Car par ses grands travaux, Moses deviendra un homme controversé, faisant peu de cas des populations défavorisées et des minorités en se rendant notamment responsable de la « ségrégation invisible ».Dans cet élégant roman graphique, le célèbre Pierre Christin, passionné darchitecture, choisit de nous raconter le destin de ce personnage hors norme mais encore méconnu en France, qui fut pourtant lun des principaux maîtres duvre de la plus célèbre ville du monde. La ligne claire revisitée dOlivier Balez se révèle dans le style architectural, restituant à merveille la grande New York et ses structures majestueuses.]]></resume>
		<soustitre><![CDATA[]]>
		</soustitre>
		<couverture>http://www.glenat.com/images/02cata/JPG/9782723495844-X.jpg
		</couverture>
		<lien>http://www.glenatbd.com/bd/robert-moses-le-maitre-cache-de-new-york-9782723495844.htm
		</lien>
		<planche1>http://www.glenat.com/images/02cata/planches/9782723495844-P-1G.jpg
		</planche1>
		<planche2>http://www.glenat.com/images/02cata/planches/9782723495844-P-2G.jpg
		</planche2>
		<planche3>http://www.glenat.com/images/02cata/planches/9782723495844-P-3G.jpg
		</planche3>
		<planche4>http://www.glenat.com/images/02cata/planches/9782723495844-P-4G.jpg
		</planche4>
		<vignette>http://www.glenat.com/images/02cata/02couv/9782723495844-V.jpg
		</vignette>
	</item>
	<item>
		<titre><![CDATA[Zap Collège - Tome 07]]></titre>
		<type>BD</type>
		<datedeparution>22/01/2014</datedeparution>
		<isbn>978-2-7234-9631-5</isbn>
		<ean>9782723496315</ean>
		<prix>9.99</prix>
		<pages>48</pages>
		<largeur>215</largeur>
		<hauteur>293</hauteur>
		<serie><![CDATA[Zap Collège]]></serie>
		<numero><![CDATA[Tome 07]]></numero>
		<collection><![CDATA[Tchô ! La collec...]]></collection>
		<Auteur><![CDATA[Tehem]]></Auteur>
		<editeur>Glénat bd</editeur>
		<resume><![CDATA[<p><strong>Un enfant soldat au Zap Coll&egrave;ge&nbsp;?!</strong></p> Makar, un jeune garçon africain dun pays en difficulté, est pris par mégarde pour un enfant soldat et récupéré par un organisme humanitaire. Étant muet, il ne parvient pas à expliquer sa situation et à leur faire comprendre quils sont dans lerreur. Ni une ni deux, le voilà envoyé tout droit au Zap Collège ! Là-bas, Jean-Eudes, son nouveau copain, ne garde pas bien longtemps le secret des « origines » de Makar et la rumeur se propage vite parmi tous les comptes Twitter, façon téléphone arabe. Si bien que tout le monde se met à avoir peur de lui maintenant, y compris le principal, et à laccuser de tous les problèmes du collège !Avec ce septième tome de Zap Collège, Téhem continue de trouver le ton juste pour sadresser aux adolescents, en conjuguant toujours aussi habilement humour et questions plus profondes.]]></resume>
		<soustitre><![CDATA[Le roman de Makar]]></soustitre>
		<couverture>http://www.glenat.com/images/02cata/JPG/9782723496315-X.jpg
		</couverture>
		<lien>http://www.glenatbd.com/bd/zap-college-tome-07-9782723496315.htm
		</lien>
		<planche1>http://www.glenat.com/images/02cata/planches/9782723496315-P-1G.jpg
		</planche1>
		<planche2>http://www.glenat.com/images/02cata/planches/9782723496315-P-2G.jpg
		</planche2>
		<planche3>http://www.glenat.com/images/02cata/planches/9782723496315-P-3G.jpg
		</planche3>
		<planche4>http://www.glenat.com/images/02cata/planches/9782723496315-P-4G.jpg
		</planche4>
		<vignette>http://www.glenat.com/images/02cata/02couv/9782723496315-V.jpg
		</vignette>
	</item>
	<item>
		<titre><![CDATA[Les Mystères de la IVe République - Tome 02]]></titre>
		<type>BD</type>
		<datedeparution>15/01/2014</datedeparution>
		<isbn>978-2-7234-9664-3</isbn>
		<ean>9782723496643</ean>
		<prix>14.50</prix>
		<pages>56</pages>
		<largeur>240</largeur>
		<hauteur>320</hauteur>
		<serie><![CDATA[Les Mystères de la IVe République]]></serie>
		<numero><![CDATA[Tome 02]]></numero>
		<collection><![CDATA[Grafica]]></collection>
		<Scénariste><![CDATA[Philippe Richelle]]></Scénariste>
		<Dessinateur><![CDATA[Alfio Buscaglia]]></Dessinateur>
		<editeur>Glénat bd</editeur>
		<resume><![CDATA[<p><strong>Le polar historique d&eacute;voilant les sombres ann&eacute;es de la R&eacute;publique fran&ccedil;aise</strong></p> Marseille, printemps 1950. À peine sorti de la prison des Baumettes, un truand nommé Ange Casoni est engagé pour un nouveau « travail » : il doit mettre la pression sur les représentants CGT des dockers qui, par leurs actions militantes, gênent visiblement des intérêts puissants. Dans le même temps, Patrick Zardi, un agent de la DST, est retrouvé mort chez lui, asphyxié dans sa propre voiture. Tout semble conforter la thèse du suicide. Mais le commissaire Coste, envoyé sur les lieux du drame, remarque tout de même de troublantes anomalies : Zardi aurait bel et bien été assassiné Mais qui aurait pu aller jusquà tuer de sang-froid un membre du contre-espionnage français ?Au travers dune nouvelle intrigue policière haletante, ce deuxième opus des Mystères de la 4e République nous montre cette fois comment les syndicats de lépoque étaient utilisés à des fins politiques par les différents blocs de la guerre froide, à peine instaurée. Cette série s'affirme d'ores et déjà comme un best-seller avec près de 80 000 exemplaires vendus en moins d'un an !]]></resume>
		<soustitre><![CDATA[Marseille la rouge]]></soustitre>
		<couverture>http://www.glenat.com/images/02cata/JPG/9782723496643-X.jpg
		</couverture>
		<lien>http://www.glenatbd.com/bd/les-mysteres-de-la-ive-republique-tome-02-9782723496643.htm
		</lien>
		<planche1>http://www.glenat.com/images/02cata/planches/9782723496643-P-1G.jpg
		</planche1>
		<planche2>http://www.glenat.com/images/02cata/planches/9782723496643-P-2G.jpg
		</planche2>
		<planche3>http://www.glenat.com/images/02cata/planches/9782723496643-P-3G.jpg
		</planche3>
		<planche4>http://www.glenat.com/images/02cata/planches/9782723496643-P-4G.jpg
		</planche4>
		<vignette>http://www.glenat.com/images/02cata/02couv/9782723496643-V.jpg
		</vignette>
	</item>
	<item>
		<titre><![CDATA[Tony et Alberto - Tome 12]]></titre>
		<type>BD</type>
		<datedeparution>08/01/2014</datedeparution>
		<isbn>978-2-7234-9711-4</isbn>
		<ean>9782723497114</ean>
		<prix>9.99</prix>
		<pages>48</pages>
		<largeur>215</largeur>
		<hauteur>293</hauteur>
		<serie><![CDATA[Tony et Alberto]]></serie>
		<numero><![CDATA[Tome 12]]></numero>
		<collection><![CDATA[Tchô ! La collec...]]></collection>
		<Auteur><![CDATA[Dab's]]></Auteur>
		<editeur>Glénat bd</editeur>
		<resume><![CDATA[<p><strong>Le duo de choc de Dab&rsquo;s est de retour&nbsp;!</strong></p> Tony, le plus sale garnement de la planète, et Alberto, son chien jaune qui nest pas en reste à ce niveau-là, reviennent pour de nouvelles aventures ! Tony et Alberto, c'est un peu Boule &amp; Bill qui auraient rencontré Beavis et Butthead. Ces deux anti-héros nous entraînent vers des aventures cocasses et irrésistibles ! Et, pour loccasion, ils ont décidé de faire les choses en grand Nos deux complices de délire, experts dans lart du pet enflammé et de la bombe atomique à eau, défient une nouvelle fois les lois de la physique et de la bienséance dans des bêtises toujours plus loufoques, toujours plus démesurées mais surtout toujours plus marrantes pour le plus grand bonheur de leurs fans !]]></resume>
		<soustitre><![CDATA[Panik dermik]]></soustitre>
		<couverture>http://www.glenat.com/images/02cata/JPG/9782723497114-X.jpg
		</couverture>
		<lien>http://www.glenatbd.com/bd/tony-et-alberto-tome-12-9782723497114.htm
		</lien>
		<planche1>http://www.glenat.com/images/02cata/planches/9782723497114-P-1G.jpg
		</planche1>
		<planche2>http://www.glenat.com/images/02cata/planches/9782723497114-P-2G.jpg
		</planche2>
		<planche3>http://www.glenat.com/images/02cata/planches/9782723497114-P-3G.jpg
		</planche3>
		<planche4>http://www.glenat.com/images/02cata/planches/9782723497114-P-4G.jpg
		</planche4>
		<vignette>http://www.glenat.com/images/02cata/02couv/9782723497114-V.jpg
		</vignette>
	</item>
	<item>
		<titre><![CDATA[Knights of Sidonia - Tome 07]]></titre>
		<type>MANGA</type>
		<datedeparution>22/01/2014</datedeparution>
		<isbn>978-2-7234-9725-1</isbn>
		<ean>9782723497251</ean>
		<prix>7.60</prix>
		<pages>180</pages>
		<largeur>130</largeur>
		<hauteur>180</hauteur>
		<serie><![CDATA[Knights of Sidonia]]></serie>
		<numero><![CDATA[Tome 07]]></numero>
		<collection><![CDATA[Seinen]]></collection>
		<Auteur><![CDATA[Tsutomu Nihei]]></Auteur>
		<editeur>Glénat Manga</editeur>
		<resume><![CDATA[Gauna contre gauna Une nouvelle forme de vie fait son apparition en plein combat, et celle-ci pourrait bien changer le cours de la guerre, voire bouleverser la société humaine tout entière. Quant à Nagate et ses camarades aux commandes de nouveaux modèles de sentinelles, ils se décident à passer à loffensive et se lancent à lassaut de lOcarina.]]></resume>
		<soustitre><![CDATA[]]>
		</soustitre>
		<couverture>http://www.glenat.com/images/02cata/JPG/9782723497251-X.jpg
		</couverture>
		<lien>http://www.glenatmanga.com/knights-of-sidonia-07-9782723497251.htm
		</lien>
		<planche1></planche1>
		<planche2></planche2>
		<planche3></planche3>
		<planche4></planche4>
		<vignette>http://www.glenat.com/images/02cata/02couv/9782723497251-V.jpg
		</vignette>
	</item>
	<item>
		<titre><![CDATA[Special Branch - Tome 04]]></titre>
		<type>BD</type>
		<datedeparution>08/01/2014</datedeparution>
		<isbn>978-2-7234-9792-3</isbn>
		<ean>9782723497923</ean>
		<prix>13.90</prix>
		<pages>48</pages>
		<largeur>240</largeur>
		<hauteur>320</hauteur>
		<serie><![CDATA[Special Branch]]></serie>
		<numero><![CDATA[Tome 04]]></numero>
		<collection><![CDATA[Grafica]]></collection>
		<Scénariste><![CDATA[Roger Seiter]]></Scénariste>
		<Dessinateur><![CDATA[Hamo]]></Dessinateur>
		<editeur>Glénat bd</editeur>
		<resume><![CDATA[<p><strong>Des Indiens en plein c&oelig;ur de Londres&nbsp;!</strong></p> Printemps 1892, Buffalo Bill et toute la troupe du Wild West Show débarquent à Londres pour plusieurs représentations. Charlotte et Robin Molton font partie des quelques privilégiés à avoir reçu une invitation pour le spectacle. Mais leur plaisir sera de courte durée : un officier anglais, le capitaine James Paterson, est retrouvé mort transpercé dune flèche lakota et cest évidemment lun des Sioux de la troupe de Buffalo Bill qui est dabord suspecté. Mais les membres de la Special Branch ont suffisamment dexpérience pour savoir que, lorsquil sagit dun meurtre, il ne faut jamais se fier aux apparencesAprès le triptyque consacré au paquebot le Great Eastern, le duo denquêteurs précurseurs de la police scientifique revient pour une nouvelle affaire passionnante dans le Londres victorien. Ce quatrième tome forme une histoire complète.]]></resume>
		<soustitre><![CDATA[Londres Rouge]]></soustitre>
		<couverture>http://www.glenat.com/images/02cata/JPG/9782723497923-X.jpg
		</couverture>
		<lien>http://www.glenatbd.com/bd/special-branch-tome-04-9782723497923.htm
		</lien>
		<planche1>http://www.glenat.com/images/02cata/planches/9782723497923-P-1G.jpg
		</planche1>
		<planche2>http://www.glenat.com/images/02cata/planches/9782723497923-P-2G.jpg
		</planche2>
		<planche3>http://www.glenat.com/images/02cata/planches/9782723497923-P-3G.jpg
		</planche3>
		<planche4>http://www.glenat.com/images/02cata/planches/9782723497923-P-4G.jpg
		</planche4>
		<vignette>http://www.glenat.com/images/02cata/02couv/9782723497923-V.jpg
		</vignette>
	</item>
	<item>
		<titre><![CDATA[Bleach - Tome 56]]></titre>
		<type>MANGA</type>
		<datedeparution>22/01/2014</datedeparution>
		<isbn>978-2-7234-9819-7</isbn>
		<ean>9782723498197</ean>
		<prix>6.90</prix>
		<pages>192</pages>
		<largeur>115</largeur>
		<hauteur>180</hauteur>
		<serie><![CDATA[Bleach]]></serie>
		<numero><![CDATA[Tome 56]]></numero>
		<collection><![CDATA[Shônen]]></collection>
		<Auteur><![CDATA[Tite Kubo]]></Auteur>
		<editeur>Glénat Manga</editeur>
		<resume><![CDATA[Sétant rendus au Hueco Mundo à la demande de Nel, Ichigo et les siens découvrent larmée de chasse des Quincy ! Ichigo se porte au secours des Arrancar mais Quilge, le superviseur des chasses, se dresse devant lui avec son pouvoir répugnant ! De plus, le Vandenreich a lancé une invasion de Soul Society !]]></resume>
		<soustitre><![CDATA[March of the starcross]]></soustitre>
		<couverture>http://www.glenat.com/images/02cata/JPG/9782723498197-X.jpg
		</couverture>
		<lien>http://www.glenatmanga.com/bleach-56-9782723498197.htm</lien>
		<planche1></planche1>
		<planche2></planche2>
		<planche3></planche3>
		<planche4></planche4>
		<vignette>http://www.glenat.com/images/02cata/02couv/9782723498197-V.jpg
		</vignette>
	</item>
	<item>
		<titre><![CDATA[One Piece - Édition originale Tome 69]]></titre>
		<type>MANGA</type>
		<datedeparution>03/01/2014</datedeparution>
		<isbn>978-2-7234-9823-4</isbn>
		<ean>9782723498234</ean>
		<prix>6.90</prix>
		<pages>256</pages>
		<largeur>115</largeur>
		<hauteur>180</hauteur>
		<serie><![CDATA[One Piece]]></serie>
		<numero><![CDATA[Édition originale Tome 69]]></numero>
		<collection><![CDATA[Shônen]]></collection>
		<Auteur><![CDATA[Eiichiro Oda]]></Auteur>
		<editeur>Glénat Manga</editeur>
		<resume><![CDATA[La situation devient critique : le gaz toxique Morte-Terre commence à sinfiltrer dans le laboratoire ! Maintenant, Luffy et ses amis doivent non seulement capturer César Clown, mais aussi rejoindre la sortie au plus vite ! Réussiront-ils à contrecarrer les plans diaboliques de leurs adversaires ?!]]></resume>
		<soustitre><![CDATA[Sad]]></soustitre>
		<couverture>http://www.glenat.com/images/02cata/JPG/9782723498234-X.jpg
		</couverture>
		<lien>http://www.glenatmanga.com/one-piece-edition-originale-tome-69-9782723498234.htm
		</lien>
		<planche1></planche1>
		<planche2></planche2>
		<planche3></planche3>
		<planche4></planche4>
		<vignette>http://www.glenat.com/images/02cata/02couv/9782723498234-V.jpg
		</vignette>
	</item>
	<item>
		<titre><![CDATA[Reborn - Tome 39]]></titre>
		<type>MANGA</type>
		<datedeparution>29/01/2014</datedeparution>
		<isbn>978-2-7234-9824-1</isbn>
		<ean>9782723498241</ean>
		<prix>6.90</prix>
		<pages>192</pages>
		<largeur>115</largeur>
		<hauteur>180</hauteur>
		<serie><![CDATA[Reborn]]></serie>
		<numero><![CDATA[Tome 39]]></numero>
		<collection><![CDATA[Shônen]]></collection>
		<Auteur><![CDATA[Akira Amano]]></Auteur>
		<editeur>Glénat Manga</editeur>
		<resume><![CDATA[Lors du 2e jour de la guerre des suppléants, alors que les Arcobaleno sont désenvoûtés les uns après les autres, vient le tour de celui quon célèbre comme le plus grand maître en arts martiaux. Même Xanxus entre dans la bataille dans les rangs de la Team Mammon, qui affronte la Team Fon. Voilà enfin un combat direct entre deux Arcobaleno !]]></resume>
		<soustitre><![CDATA[Voilà le 8e bébé !]]></soustitre>
		<couverture>http://www.glenat.com/images/02cata/JPG/9782723498241-X.jpg
		</couverture>
		<lien>http://www.glenatmanga.com/reborn-39-9782723498241.htm</lien>
		<planche1></planche1>
		<planche2></planche2>
		<planche3></planche3>
		<planche4></planche4>
		<vignette>http://www.glenat.com/images/02cata/02couv/9782723498241-V.jpg
		</vignette>
	</item>
	<item>
		<titre><![CDATA[Tokyo Ghoul - Tome 03]]></titre>
		<type>MANGA</type>
		<datedeparution>03/01/2014</datedeparution>
		<isbn>978-2-7234-9828-9</isbn>
		<ean>9782723498289</ean>
		<prix>6.90</prix>
		<pages>192</pages>
		<largeur>130</largeur>
		<hauteur>180</hauteur>
		<serie><![CDATA[Tokyo Ghoul]]></serie>
		<numero><![CDATA[Tome 03]]></numero>
		<collection><![CDATA[Shônen]]></collection>
		<Auteur><![CDATA[Sui Ishida]]></Auteur>
		<editeur>Glénat Manga</editeur>
		<resume><![CDATA[Hinami a vu les colombes ôter la vie de ses deux parents.Ken et Toka décident de se rendre chez lennemi, au quartier général du C.C.G., pour aider comme ils le peuvent leur jeune amie désespérée. Seulement, cette action risquée nest que le prélude dune série de tristes conséquences]]></resume>
		<soustitre><![CDATA[]]>
		</soustitre>
		<couverture>http://www.glenat.com/images/02cata/JPG/9782723498289-X.jpg
		</couverture>
		<lien>http://www.glenatmanga.com/tokyo-ghoul-03-9782723498289.htm
		</lien>
		<planche1></planche1>
		<planche2></planche2>
		<planche3></planche3>
		<planche4></planche4>
		<vignette>http://www.glenat.com/images/02cata/02couv/9782723498289-V.jpg
		</vignette>
	</item>
	<item>
		<titre><![CDATA[Minuscule - Deux histoires en folie !]]></titre>
		<type>BD</type>
		<datedeparution>22/01/2014</datedeparution>
		<isbn>978-2-7234-9830-2</isbn>
		<ean>9782723498302</ean>
		<prix>9.90</prix>
		<pages>48</pages>
		<largeur>195</largeur>
		<hauteur>198</hauteur>
		<serie><![CDATA[Minuscule]]></serie>
		<numero><![CDATA[Deux histoires en folie !]]></numero>
		<collection><![CDATA[Jeunesse sous licence]]></collection>
		<Auteur><![CDATA[Petronille]]></Auteur>
		<editeur>Glénat bd</editeur>
		<resume><![CDATA[Les plus jeunes lecteurs pourront retrouver toutes les facéties des Minuscules dans cet album reprenant, tout en images, deux épisodes de la série télévisée diffusée sur France Télévision.]]></resume>
		<soustitre><![CDATA[]]>
		</soustitre>
		<couverture>http://www.glenat.com/images/02cata/JPG/9782723498302-X.jpg
		</couverture>
		<lien>http://www.glenatbd.com/bd/minuscule-deux-histoires-en-folie-9782723498302.htm
		</lien>
		<planche1>http://www.glenat.com/images/02cata/planches/9782723498302-P-1G.jpg
		</planche1>
		<planche2>http://www.glenat.com/images/02cata/planches/9782723498302-P-2G.jpg
		</planche2>
		<planche3>http://www.glenat.com/images/02cata/planches/9782723498302-P-3G.jpg
		</planche3>
		<planche4>http://www.glenat.com/images/02cata/planches/9782723498302-P-4G.jpg
		</planche4>
		<vignette>http://www.glenat.com/images/02cata/02couv/9782723498302-V.jpg
		</vignette>
	</item>
	<item>
		<titre><![CDATA[Minuscule - Jeux qui font BZZZZZZ - Tome 01]]></titre>
		<type>BD</type>
		<datedeparution>22/01/2014</datedeparution>
		<isbn>978-2-7234-9831-9</isbn>
		<ean>9782723498319</ean>
		<prix>6.99</prix>
		<pages>28</pages>
		<largeur>210</largeur>
		<hauteur>285</hauteur>
		<serie><![CDATA[Minuscule]]></serie>
		<numero><![CDATA[Jeux qui font BZZZZZZ - Tome 01]]></numero>
		<collection><![CDATA[Jeunesse sous licence]]></collection>
		<Auteur><![CDATA[Petronille]]></Auteur>
		<editeur>Glénat bd</editeur>
		<resume><![CDATA[Des heures de bonne humeur autour dactivités ludiques dans ce cahier qui propose également plus de 40 autocollants !]]></resume>
		<soustitre><![CDATA[]]>
		</soustitre>
		<couverture>http://www.glenat.com/images/02cata/JPG/9782723498319-X.jpg
		</couverture>
		<lien>http://www.glenatbd.com/bd/minuscule-jeux-qui-font-bzzzzzz-tome-01-9782723498319.htm
		</lien>
		<planche1>http://www.glenat.com/images/02cata/planches/9782723498319-P-1G.jpg
		</planche1>
		<planche2>http://www.glenat.com/images/02cata/planches/9782723498319-P-2G.jpg
		</planche2>
		<planche3>http://www.glenat.com/images/02cata/planches/9782723498319-P-3G.jpg
		</planche3>
		<planche4>http://www.glenat.com/images/02cata/planches/9782723498319-P-4G.jpg
		</planche4>
		<vignette>http://www.glenat.com/images/02cata/02couv/9782723498319-V.jpg
		</vignette>
	</item>
	<item>
		<titre><![CDATA[Minuscule - Une histoire à lire et à toucher]]></titre>
		<type>BD</type>
		<datedeparution>22/01/2014</datedeparution>
		<isbn>978-2-7234-9832-6</isbn>
		<ean>9782723498326</ean>
		<prix>13.00</prix>
		<pages>8</pages>
		<largeur>221</largeur>
		<hauteur>221</hauteur>
		<serie><![CDATA[Minuscule]]></serie>
		<numero><![CDATA[Une histoire à lire et à toucher]]></numero>
		<collection><![CDATA[Jeunesse sous licence]]></collection>
		<Auteur><![CDATA[Petronille]]></Auteur>
		<editeur>Glénat bd</editeur>
		<resume><![CDATA[À travers les 8 doubles pages de ce livre à toucher, les plus petits découvriront tous les amis de la coccinelle tout au long dune histoire où, pour une fois, on ne regarde pas quavec les yeux !]]></resume>
		<soustitre><![CDATA[]]>
		</soustitre>
		<couverture>http://www.glenat.com/images/02cata/JPG/9782723498326-X.jpg
		</couverture>
		<lien>http://www.glenatbd.com/bd/minuscule-une-histoire-a-lire-et-a-toucher-9782723498326.htm
		</lien>
		<planche1>http://www.glenat.com/images/02cata/planches/9782723498326-P-1G.jpg
		</planche1>
		<planche2>http://www.glenat.com/images/02cata/planches/9782723498326-P-2G.jpg
		</planche2>
		<planche3>http://www.glenat.com/images/02cata/planches/9782723498326-P-3G.jpg
		</planche3>
		<planche4>http://www.glenat.com/images/02cata/planches/9782723498326-P-4G.jpg
		</planche4>
		<vignette>http://www.glenat.com/images/02cata/02couv/9782723498326-V.jpg
		</vignette>
	</item>
	<item>
		<titre><![CDATA[Minuscule - Uune comptine en puzzle]]></titre>
		<type>BD</type>
		<datedeparution>22/01/2014</datedeparution>
		<isbn>978-2-7234-9833-3</isbn>
		<ean>9782723498333</ean>
		<prix>10.59</prix>
		<pages>12</pages>
		<largeur>245</largeur>
		<hauteur>224</hauteur>
		<serie><![CDATA[Minuscule]]></serie>
		<numero><![CDATA[Uune comptine en puzzle]]></numero>
		<collection><![CDATA[Jeunesse sous licence]]></collection>
		<Auteur><![CDATA[Petronille]]></Auteur>
		<editeur>Glénat bd</editeur>
		<resume><![CDATA[Tout au long dune comptine, les plus jeunes lecteurs pourront samuser à reconstituer 5 puzzles tous aussi déjantés les uns que les autres.]]></resume>
		<soustitre><![CDATA[]]>
		</soustitre>
		<couverture>http://www.glenat.com/images/02cata/JPG/9782723498333-X.jpg
		</couverture>
		<lien>http://www.glenatbd.com/bd/minuscule-uune-comptine-en-puzzle-9782723498333.htm
		</lien>
		<planche1>http://www.glenat.com/images/02cata/planches/9782723498333-P-1G.jpg
		</planche1>
		<planche2>http://www.glenat.com/images/02cata/planches/9782723498333-P-2G.jpg
		</planche2>
		<planche3>http://www.glenat.com/images/02cata/planches/9782723498333-P-3G.jpg
		</planche3>
		<planche4>http://www.glenat.com/images/02cata/planches/9782723498333-P-4G.jpg
		</planche4>
		<vignette>http://www.glenat.com/images/02cata/02couv/9782723498333-V.jpg
		</vignette>
	</item>
	<item>
		<titre><![CDATA[Minuscule - Lla vallée des fourmis perdues]]></titre>
		<type>BD</type>
		<datedeparution>22/01/2014</datedeparution>
		<isbn>978-2-7234-9834-0</isbn>
		<ean>9782723498340</ean>
		<prix>11.00</prix>
		<pages>136</pages>
		<largeur>140</largeur>
		<hauteur>200</hauteur>
		<serie><![CDATA[Minuscule]]></serie>
		<numero><![CDATA[Lla vallée des fourmis perdues]]></numero>
		<collection><![CDATA[Jeunesse sous licence]]></collection>
		<Auteur><![CDATA[Petronille]]></Auteur>
		<editeur>Glénat bd</editeur>
		<resume><![CDATA[<p align="center">&Agrave; l&rsquo;occasion de la sortie le 29 janvier du long-m&eacute;trage <em>Minuscule</em>, les &eacute;ditions Gl&eacute;nat lancent une s&eacute;rie d&rsquo;ouvrages autour de cet univers loufoque et terriblement dr&ocirc;le !</p> Dans une paisible clairière, les objets dun pique-nique laissés à labandon après un orage vont être le point de départ dune guerre entre deux bandes rivales de fourmis, ayant pour enjeu une boîte de sucres. Cest dans cette tourmente quune jeune coccinelle va se lier damitié avec une fourmi noire et laider à sauver sa fourmilière des terribles fourmis rouges !]]></resume>
		<soustitre><![CDATA[Le Roman du film]]></soustitre>
		<couverture>http://www.glenat.com/images/02cata/JPG/9782723498340-X.jpg
		</couverture>
		<lien>http://www.glenatbd.com/bd/minuscule-lla-vallee-des-fourmis-perdues-9782723498340.htm
		</lien>
		<planche1>http://www.glenat.com/images/02cata/planches/9782723498340-P-1G.jpg
		</planche1>
		<planche2>http://www.glenat.com/images/02cata/planches/9782723498340-P-2G.jpg
		</planche2>
		<planche3>http://www.glenat.com/images/02cata/planches/9782723498340-P-3G.jpg
		</planche3>
		<planche4>http://www.glenat.com/images/02cata/planches/9782723498340-P-4G.jpg
		</planche4>
		<vignette>http://www.glenat.com/images/02cata/02couv/9782723498340-V.jpg
		</vignette>
	</item>
	<item>
		<titre><![CDATA[One piece - Édition originale tome 31]]></titre>
		<type>MANGA</type>
		<datedeparution>03/01/2014</datedeparution>
		<isbn>978-2-7234-9859-3</isbn>
		<ean>9782723498593</ean>
		<prix>6.90</prix>
		<pages>208</pages>
		<largeur>115</largeur>
		<hauteur>180</hauteur>
		<serie><![CDATA[One Piece]]></serie>
		<numero><![CDATA[Édition originale tome 31]]></numero>
		<collection><![CDATA[Shônen]]></collection>
		<Auteur><![CDATA[Eiichiro Oda]]></Auteur>
		<editeur>Glénat Manga</editeur>
		<resume><![CDATA[Que sest-il passé sur Jaya il y a 400 ans ? Découvrez les liens damitié méconnus qui ont uni le grand guerrier Calgara et Norland le roi des menteurs, avant de retrouver Luffy et Ener dans un face à face décisif !!]]></resume>
		<soustitre><![CDATA[Nous sommes là]]></soustitre>
		<couverture>http://www.glenat.com/images/02cata/JPG/9782723498593-X.jpg
		</couverture>
		<lien>http://www.glenatmanga.com/one-piece-edition-originale-tome-31-9782723498593.htm
		</lien>
		<planche1></planche1>
		<planche2></planche2>
		<planche3></planche3>
		<planche4></planche4>
		<vignette>http://www.glenat.com/images/02cata/02couv/9782723498593-V.jpg
		</vignette>
	</item>
	<item>
		<titre><![CDATA[One piece - Édition originale tome 32]]></titre>
		<type>MANGA</type>
		<datedeparution>03/01/2014</datedeparution>
		<isbn>978-2-7234-9860-9</isbn>
		<ean>9782723498609</ean>
		<prix>6.90</prix>
		<pages>208</pages>
		<largeur>115</largeur>
		<hauteur>180</hauteur>
		<serie><![CDATA[One Piece]]></serie>
		<numero><![CDATA[Édition originale tome 32]]></numero>
		<collection><![CDATA[Shônen]]></collection>
		<Auteur><![CDATA[Eiichiro Oda]]></Auteur>
		<editeur>Glénat Manga</editeur>
		<resume><![CDATA[Cest le poing serré et avec le soutien de toute une population que Luffy part affronter Ener ! Parviendra-t-il à faire de nouveau résonner cette cloche en or qui porte en elle tous les espoirs des habitants de Skypiea ?! Cest dans un concert démotions que le périple de nos héros sur lîle céleste prend fin !!]]></resume>
		<soustitre><![CDATA[Love song]]></soustitre>
		<couverture>http://www.glenat.com/images/02cata/JPG/9782723498609-X.jpg
		</couverture>
		<lien>http://www.glenatmanga.com/one-piece-edition-originale-tome-32-9782723498609.htm
		</lien>
		<planche1></planche1>
		<planche2></planche2>
		<planche3></planche3>
		<planche4></planche4>
		<vignette>http://www.glenat.com/images/02cata/02couv/9782723498609-V.jpg
		</vignette>
	</item>
	<item>
		<titre><![CDATA[One piece - Édition originale tome 33]]></titre>
		<type>MANGA</type>
		<datedeparution>03/01/2014</datedeparution>
		<isbn>978-2-7234-9861-6</isbn>
		<ean>9782723498616</ean>
		<prix>6.90</prix>
		<pages>224</pages>
		<largeur>115</largeur>
		<hauteur>180</hauteur>
		<serie><![CDATA[One Piece]]></serie>
		<numero><![CDATA[Édition originale tome 33]]></numero>
		<collection><![CDATA[Shônen]]></collection>
		<Auteur><![CDATA[Eiichiro Oda]]></Auteur>
		<editeur>Glénat Manga</editeur>
		<resume><![CDATA[Le Davy Back Fight est un jeu terrifiant où lon risque de perdre ses compagnons ! Mis au défi par léquipage de Foxy, et sans se douter un seul instant de ce qui les attend, Chapeau de paille et ses amis acceptent de participer à ce manège imprévisible !]]></resume>
		<soustitre><![CDATA[Davy back fiht !!]]></soustitre>
		<couverture>http://www.glenat.com/images/02cata/JPG/9782723498616-X.jpg
		</couverture>
		<lien>http://www.glenatmanga.com/one-piece-edition-originale-tome-33-9782723498616.htm
		</lien>
		<planche1></planche1>
		<planche2></planche2>
		<planche3></planche3>
		<planche4></planche4>
		<vignette>http://www.glenat.com/images/02cata/02couv/9782723498616-V.jpg
		</vignette>
	</item>
	<item>
		<titre><![CDATA[One Piece - Édition originale tome 34]]></titre>
		<type>MANGA</type>
		<datedeparution>03/01/2014</datedeparution>
		<isbn>978-2-7234-9862-3</isbn>
		<ean>9782723498623</ean>
		<prix>6.90</prix>
		<pages>240</pages>
		<largeur>115</largeur>
		<hauteur>180</hauteur>
		<serie><![CDATA[One Piece]]></serie>
		<numero><![CDATA[Édition originale tome 34]]></numero>
		<collection><![CDATA[Shônen]]></collection>
		<Auteur><![CDATA[Eiichiro Oda]]></Auteur>
		<editeur>Glénat Manga</editeur>
		<resume><![CDATA[Lamiral Aokiji entre en scène et déclare connaître le passé de Robin ! Quelles conséquences cette rencontre va-t-elle avoir sur léquipage ?! Que va-t-il arriver à Luffy et ses amis dans la cité sur leau, où se réunissent les plus grands bâtisseurs de navires du monde ?! Vont-ils trouver le charpentier naval quils cherchent ?!]]></resume>
		<soustitre><![CDATA[Water seven, la cité sur l'eau]]></soustitre>
		<couverture>http://www.glenat.com/images/02cata/JPG/9782723498623-X.jpg
		</couverture>
		<lien>http://www.glenatmanga.com/one-piece-edition-originale-tome-34-9782723498623.htm
		</lien>
		<planche1></planche1>
		<planche2></planche2>
		<planche3></planche3>
		<planche4></planche4>
		<vignette>http://www.glenat.com/images/02cata/02couv/9782723498623-V.jpg
		</vignette>
	</item>
	<item>
		<titre><![CDATA[One Piece - Édition originale tome 35]]></titre>
		<type>MANGA</type>
		<datedeparution>03/01/2014</datedeparution>
		<isbn>978-2-7234-9863-0</isbn>
		<ean>9782723498630</ean>
		<prix>6.90</prix>
		<pages>192</pages>
		<largeur>115</largeur>
		<hauteur>180</hauteur>
		<serie><![CDATA[One Piece]]></serie>
		<numero><![CDATA[Édition originale tome 35]]></numero>
		<collection><![CDATA[Shônen]]></collection>
		<Auteur><![CDATA[Eiichiro Oda]]></Auteur>
		<editeur>Glénat Manga</editeur>
		<resume><![CDATA[Luffy et Usopp saffrontent violemment au sujet de la réparation du Vogue Merry. À lissue dun combat déchirant, le capitaine Luffy prend une décision des plus surprenantes ! Léquipage va-t-il survivre à cette épreuve ?!]]></resume>
		<soustitre><![CDATA[Capitaine]]></soustitre>
		<couverture>http://www.glenat.com/images/02cata/JPG/9782723498630-X.jpg
		</couverture>
		<lien>http://www.glenatmanga.com/one-piece-edition-originale-tome-35-9782723498630.htm
		</lien>
		<planche1></planche1>
		<planche2></planche2>
		<planche3></planche3>
		<planche4></planche4>
		<vignette>http://www.glenat.com/images/02cata/02couv/9782723498630-V.jpg
		</vignette>
	</item>
	<item>
		<titre><![CDATA[One Piece - Édition originale tome 36]]></titre>
		<type>MANGA</type>
		<datedeparution>08/01/2014</datedeparution>
		<isbn>978-2-7234-9864-7</isbn>
		<ean>9782723498647</ean>
		<prix>6.90</prix>
		<pages>208</pages>
		<largeur>115</largeur>
		<hauteur>180</hauteur>
		<serie><![CDATA[One Piece]]></serie>
		<numero><![CDATA[Édition originale tome 36]]></numero>
		<collection><![CDATA[Shônen]]></collection>
		<Auteur><![CDATA[Eiichiro Oda]]></Auteur>
		<editeur>Glénat Manga</editeur>
		<resume><![CDATA[Robin, qui avait décidé de partir de son côté peu de temps après leur arrivée sur lîle, annonce à ses amis quelle les quitte et disparaît dans les ténèbres Tout léquipage se lance alors à sa poursuite, mais il ne tarde pas à faire une série de découvertes toutes plus surprenantes les unes que les autres !]]></resume>
		<soustitre><![CDATA[Justice n°9]]></soustitre>
		<couverture>http://www.glenat.com/images/02cata/JPG/9782723498647-X.jpg
		</couverture>
		<lien>http://www.glenatmanga.com/one-piece-edition-originale-tome-36-9782723498647.htm
		</lien>
		<planche1></planche1>
		<planche2></planche2>
		<planche3></planche3>
		<planche4></planche4>
		<vignette>http://www.glenat.com/images/02cata/02couv/9782723498647-V.jpg
		</vignette>
	</item>
	<item>
		<titre><![CDATA[One Piece - Édition originale tome 37]]></titre>
		<type>MANGA</type>
		<datedeparution>08/01/2014</datedeparution>
		<isbn>978-2-7234-9865-4</isbn>
		<ean>9782723498654</ean>
		<prix>6.90</prix>
		<pages>240</pages>
		<largeur>115</largeur>
		<hauteur>180</hauteur>
		<serie><![CDATA[One Piece]]></serie>
		<numero><![CDATA[Édition originale tome 37]]></numero>
		<collection><![CDATA[Shônen]]></collection>
		<Auteur><![CDATA[Eiichiro Oda]]></Auteur>
		<editeur>Glénat Manga</editeur>
		<resume><![CDATA[Luffy et ses amis vont-ils affronter les membres du CP9 pour éviter que Robin ne quitte léquipage à jamais ?! Ces derniers se rendent chez Franky pour semparer des plans de larme antique Pluton, mais cest alors quune terrible vérité éclate au grand jour !!]]></resume>
		<soustitre><![CDATA[Monsieur Tom]]></soustitre>
		<couverture>http://www.glenat.com/images/02cata/JPG/9782723498654-X.jpg
		</couverture>
		<lien>http://www.glenatmanga.com/one-piece-edition-originale-tome-37-9782723498654.htm
		</lien>
		<planche1></planche1>
		<planche2></planche2>
		<planche3></planche3>
		<planche4></planche4>
		<vignette>http://www.glenat.com/images/02cata/02couv/9782723498654-V.jpg
		</vignette>
	</item>
	<item>
		<titre><![CDATA[One Piece - Édition originale tome 38]]></titre>
		<type>MANGA</type>
		<datedeparution>08/01/2014</datedeparution>
		<isbn>978-2-7234-9866-1</isbn>
		<ean>9782723498661</ean>
		<prix>6.90</prix>
		<pages>208</pages>
		<largeur>115</largeur>
		<hauteur>180</hauteur>
		<serie><![CDATA[One Piece]]></serie>
		<numero><![CDATA[Édition originale tome 38]]></numero>
		<collection><![CDATA[Shônen]]></collection>
		<Auteur><![CDATA[Eiichiro Oda]]></Auteur>
		<editeur>Glénat Manga</editeur>
		<resume><![CDATA[Sanji est monté à bord du train des mers afin de secourir Robin. De son côté, sur lîle menacée par laqua laguna, le reste de léquipage est parti à la recherche de Luffy et de Zoro. Où ont-ils bien pu passer ?! Leurs amis doivent faire vite car la tempête est proche]]></resume>
		<soustitre><![CDATA["Rocketman" !]]></soustitre>
		<couverture>http://www.glenat.com/images/02cata/JPG/9782723498661-X.jpg
		</couverture>
		<lien>http://www.glenatmanga.com/one-piece-edition-originale-tome-38-9782723498661.htm
		</lien>
		<planche1></planche1>
		<planche2></planche2>
		<planche3></planche3>
		<planche4></planche4>
		<vignette>http://www.glenat.com/images/02cata/02couv/9782723498661-V.jpg
		</vignette>
	</item>
	<item>
		<titre><![CDATA[One Piece - Édition originale tome 39]]></titre>
		<type>MANGA</type>
		<datedeparution>08/01/2014</datedeparution>
		<isbn>978-2-7234-9867-8</isbn>
		<ean>9782723498678</ean>
		<prix>6.90</prix>
		<pages>208</pages>
		<largeur>115</largeur>
		<hauteur>180</hauteur>
		<serie><![CDATA[One Piece]]></serie>
		<numero><![CDATA[Édition originale tome 39]]></numero>
		<collection><![CDATA[Shônen]]></collection>
		<Auteur><![CDATA[Eiichiro Oda]]></Auteur>
		<editeur>Glénat Manga</editeur>
		<resume><![CDATA[Sanji rejoint Sniperking et Franky à bord du train des mers pour récupérer Robin ! Nos trois héros doivent cependant faire face à de redoutables adversaires Luffy et les autres vont-ils réussir à les rattraper ?! Les aventures de Luffy à la poursuite du One Piece continuent !!]]></resume>
		<soustitre><![CDATA[Opération sauvetage]]></soustitre>
		<couverture>http://www.glenat.com/images/02cata/JPG/9782723498678-X.jpg
		</couverture>
		<lien>http://www.glenatmanga.com/one-piece-edition-originale-tome-39-9782723498678.htm
		</lien>
		<planche1></planche1>
		<planche2></planche2>
		<planche3></planche3>
		<planche4></planche4>
		<vignette>http://www.glenat.com/images/02cata/02couv/9782723498678-V.jpg
		</vignette>
	</item>
	<item>
		<titre><![CDATA[One Piece - Édition originale tome 40]]></titre>
		<type>MANGA</type>
		<datedeparution>08/01/2014</datedeparution>
		<isbn>978-2-7234-9868-5</isbn>
		<ean>9782723498685</ean>
		<prix>6.90</prix>
		<pages>224</pages>
		<largeur>115</largeur>
		<hauteur>180</hauteur>
		<serie><![CDATA[One Piece]]></serie>
		<numero><![CDATA[Édition originale tome 40]]></numero>
		<collection><![CDATA[Shônen]]></collection>
		<Auteur><![CDATA[Eiichiro Oda]]></Auteur>
		<editeur>Glénat Manga</editeur>
		<resume><![CDATA[Luffy et ses alliés ont débarqué sur lîle judiciaire dans le but de récupérer leurs compagnons. Le combat promet dêtre rude cependant, car cest une véritable armée quils trouvent en face deux ! De son côté, Luffy affronte Blueno, un agent du CP9. Sa détermination à sauver Robin va le conduire à développer de nouveaux pouvoirs Les aventures de Luffy à la poursuite du One Piece continuent !!]]></resume>
		<soustitre><![CDATA[Gear]]></soustitre>
		<couverture>http://www.glenat.com/images/02cata/JPG/9782723498685-X.jpg
		</couverture>
		<lien>http://www.glenatmanga.com/one-piece-edition-originale-tome-40-9782723498685.htm
		</lien>
		<planche1></planche1>
		<planche2></planche2>
		<planche3></planche3>
		<planche4></planche4>
		<vignette>http://www.glenat.com/images/02cata/02couv/9782723498685-V.jpg
		</vignette>
	</item>
	<item>
		<titre><![CDATA[Stand Alone Complex - Tome 03]]></titre>
		<type>MANGA</type>
		<datedeparution>22/01/2014</datedeparution>
		<isbn>978-2-7234-9870-8</isbn>
		<ean>9782723498708</ean>
		<prix>10.75</prix>
		<pages>224</pages>
		<largeur>147</largeur>
		<hauteur>210</hauteur>
		<serie><![CDATA[Stand Alone Complex]]></serie>
		<numero><![CDATA[Tome 03]]></numero>
		<collection><![CDATA[Seinen]]></collection>
		<Auteur><![CDATA[Yu Kinutani]]></Auteur>
		<Scénariste><![CDATA[Masamune Shirow]]></Scénariste>
		<editeur>Glénat Manga</editeur>
		<resume><![CDATA[La Section 9 se voit confier une nouvelle mission. Marcelo Jarti, un légendaire révolutionnaire sud-américain, se rend régulièrement au Japon depuis quelques années. Ses visites sont-elles liées à ses autres activités, celles dun baron de la drogue ? Il est en tout cas la cible de différents services secrets et se sert de sosies pour échapper à leurs tentatives dassassinat. Cest donc en se méfiant des faux-semblants que le Major et ses hommes vont devoir découvrir la raison de sa présence, et la vérité derrière ses liens avec la mafia locale]]></resume>
		<soustitre><![CDATA[]]>
		</soustitre>
		<couverture>http://www.glenat.com/images/02cata/JPG/9782723498708-X.jpg
		</couverture>
		<lien>http://www.glenatmanga.com/stand-alone-complex-03-9782723498708.htm
		</lien>
		<planche1></planche1>
		<planche2></planche2>
		<planche3></planche3>
		<planche4></planche4>
		<vignette>http://www.glenat.com/images/02cata/02couv/9782723498708-V.jpg
		</vignette>
	</item>
	<item>
		<titre><![CDATA[Dream Team - Tome 14]]></titre>
		<type>MANGA</type>
		<datedeparution>03/01/2014</datedeparution>
		<isbn>978-2-7234-9872-2</isbn>
		<ean>9782723498722</ean>
		<prix>6.90</prix>
		<pages>208</pages>
		<largeur>115</largeur>
		<hauteur>180</hauteur>
		<serie><![CDATA[Dream Team]]></serie>
		<numero><![CDATA[Tome 14]]></numero>
		<collection><![CDATA[Shônen]]></collection>
		<Auteur><![CDATA[Takeshi Hinata]]></Auteur>
		<editeur>Glénat Manga</editeur>
		<resume><![CDATA[Contre toute attente, léquipe de basket de Kuzuryu se voit offrir une chance de monter un nouveau club, à condition de prouver sa détermination lors dun match amical. Seul problème, mais de taille : son adversaire nest autre que Yokohama Taiei, une des équipes favorites pour remporter la coupe inter-lycées. Shinmaruko laffronte dailleurs dans la phase finale des qualifications, et le match sannonce sans pitié. ]]></resume>
		<soustitre><![CDATA[]]>
		</soustitre>
		<couverture>http://www.glenat.com/images/02cata/JPG/9782723498722-X.jpg
		</couverture>
		<lien>http://www.glenatmanga.com/dream-team-14-9782723498722.htm
		</lien>
		<planche1></planche1>
		<planche2></planche2>
		<planche3></planche3>
		<planche4></planche4>
		<vignette>http://www.glenat.com/images/02cata/02couv/9782723498722-V.jpg
		</vignette>
	</item>
	<item>
		<titre><![CDATA[Gangsta - Tome 01]]></titre>
		<type>MANGA</type>
		<datedeparution>03/01/2014</datedeparution>
		<isbn>978-2-7234-9878-4</isbn>
		<ean>9782723498784</ean>
		<prix>7.60</prix>
		<pages>194</pages>
		<largeur>130</largeur>
		<hauteur>180</hauteur>
		<serie><![CDATA[Gangsta]]></serie>
		<numero><![CDATA[Tome 01]]></numero>
		<collection><![CDATA[Seinen]]></collection>
		<Auteur><![CDATA[Kohske]]></Auteur>
		<editeur>Glénat Manga</editeur>
		<resume><![CDATA[<p>Peur sur la ville</p> Ergastulum est un nid de crapules où saffairent mafieux, criminels, policiers corrompus et prostituées. Nicolas Brown, mercenaire sourd, et Worick Arcangelo, gigolo finaud, y uvrent comme hommes à tout faire, acceptant des petits boulots sales pour le compte de divers clients. Lorsque leur route va croiser celle dAlex, une belle prostituée, leurs habitudes vont peu à peu seffriter et de douloureux souvenirs vont refaire surface Car en ce monde, il existe une race mutante de surhommes appelés twilights et Nic est lun dentre eux !Gangsta est aujourdhui le titre phare du magazine @Bunch où sont publiés Btooom! et Woodstock. Porte drapeau de la nouvelle génération, ce manga est incontournable pour tout lecteur qui na pas froid aux yeux !]]></resume>
		<soustitre><![CDATA[]]>
		</soustitre>
		<couverture>http://www.glenat.com/images/02cata/JPG/9782723498784-X.jpg
		</couverture>
		<lien>http://www.glenatmanga.com/gangsta-01-9782723498784.htm</lien>
		<planche1></planche1>
		<planche2></planche2>
		<planche3></planche3>
		<planche4></planche4>
		<vignette>http://www.glenat.com/images/02cata/02couv/9782723498784-V.jpg
		</vignette>
	</item>
	<item>
		<titre><![CDATA[Peacemaker - Tome 10]]></titre>
		<type>MANGA</type>
		<datedeparution>22/01/2014</datedeparution>
		<isbn>978-2-7234-9888-3</isbn>
		<ean>9782723498883</ean>
		<prix>7.60</prix>
		<pages>210</pages>
		<largeur>130</largeur>
		<hauteur>180</hauteur>
		<serie><![CDATA[Peacemaker]]></serie>
		<numero><![CDATA[Tome 10]]></numero>
		<collection><![CDATA[Seinen]]></collection>
		<Auteur><![CDATA[Ryouji Minagawa]]></Auteur>
		<editeur>Glénat Manga</editeur>
		<resume><![CDATA[Passé Mounttarkus, Hope et ses compagnons se retrouvent face à un nouvel ennemi : le terrible Steve Bucket et son instinct de bête sauvage. Cet adversaire redoutable blesse les uns après les autres tous ceux qui accompagnent Hope. Le duelliste parviendra-t-il à sen défaire ?]]></resume>
		<soustitre><![CDATA[]]>
		</soustitre>
		<couverture>http://www.glenat.com/images/02cata/JPG/9782723498883-X.jpg
		</couverture>
		<lien>http://www.glenatmanga.com/peacemaker-10-9782723498883.htm
		</lien>
		<planche1></planche1>
		<planche2></planche2>
		<planche3></planche3>
		<planche4></planche4>
		<vignette>http://www.glenat.com/images/02cata/02couv/9782723498883-V.jpg
		</vignette>
	</item>
	<item>
		<titre><![CDATA[Alpine]]></titre>
		<type>BD</type>
		<datedeparution>29/01/2014</datedeparution>
		<isbn>978-2-7234-9900-2</isbn>
		<ean>9782723499002</ean>
		<prix>13.90</prix>
		<pages>48</pages>
		<largeur>240</largeur>
		<hauteur>320</hauteur>
		<serie><![CDATA[Alpine]]></serie>
		<numero><![CDATA[Alpine]]></numero>
		<collection><![CDATA[Plein Gaz]]></collection>
		<Scénariste><![CDATA[Denis Bernard]]></Scénariste>
		<Dessinateur><![CDATA[Christian Papazoglakis]]></Dessinateur>
		<Dessinateur><![CDATA[Robert Paquet]]></Dessinateur>
		<editeur>Glénat bd</editeur>
		<resume><![CDATA[<p><strong>La plus mythique des marques de voitures fran&ccedil;aises&nbsp;!</strong></p> En 1973, grâce à son modèle A110, Alpine devient historiquement le premier champion du monde des constructeurs de rallye, avec 6 victoires et 147 points, devant Fiat et Ford. Créée en 1955 par Jean Rédélé, alors le plus jeune concessionnaire Renault de France, la société Alpine confirme ainsi sa percée remarquable dans lindustrie automobile.À linstar de Chapman avec Lotus, cette nouvelle bande dessinée de la collection Plein Gaz nous retrace le destin de cette marque et de son créateur, ses choix techniques, la naissance de son modèle le plus mythique, lA110, ses victoires mais aussi ses déboires. En raison de difficultés financières, Alpine verra Renault devenir majoritaire, précipitant le départ de la société de Rédélé, qui ne se sent plus seul maître à bord. La marque se délitera alors jusquà sa disparition en 1995 Un échec somme toute assez relatif étant donné que Renault a annoncé la renaissance de la marque en 2016 !]]></resume>
		<soustitre><![CDATA[Le Sang bleu]]></soustitre>
		<couverture>http://www.glenat.com/images/02cata/JPG/9782723499002-X.jpg
		</couverture>
		<lien>http://www.glenatbd.com/bd/alpine-9782723499002.htm</lien>
		<planche1>http://www.glenat.com/images/02cata/planches/9782723499002-P-1G.jpg
		</planche1>
		<planche2>http://www.glenat.com/images/02cata/planches/9782723499002-P-2G.jpg
		</planche2>
		<planche3>http://www.glenat.com/images/02cata/planches/9782723499002-P-3G.jpg
		</planche3>
		<planche4>http://www.glenat.com/images/02cata/planches/9782723499002-P-4G.jpg
		</planche4>
		<vignette>http://www.glenat.com/images/02cata/02couv/9782723499002-V.jpg
		</vignette>
	</item>
	<item>
		<titre><![CDATA[Btooom! - Tome 11]]></titre>
		<type>MANGA</type>
		<datedeparution>03/01/2014</datedeparution>
		<isbn>978-2-7234-9927-9</isbn>
		<ean>9782723499279</ean>
		<prix>7.60</prix>
		<pages>194</pages>
		<largeur>130</largeur>
		<hauteur>180</hauteur>
		<serie><![CDATA[Btooom!]]></serie>
		<numero><![CDATA[Tome 11]]></numero>
		<collection><![CDATA[Shônen]]></collection>
		<Auteur><![CDATA[Junya Inoue]]></Auteur>
		<editeur>Glénat Manga</editeur>
		<resume><![CDATA[Btooom! serait-il entré dans sa phase finale ?! Tsuneaki Iida, programmeur de chez Tyrannos Japan, a révélé lidentité de ceux qui sont à lorigine de ce complot à Ryota Sakamoto. Ce dernier décide alors de tout mettre en uvre pour empêcher le cauchemar de se poursuivre. Le plan dévasion quil met au point, qui repose essentiellement sur une fonction jusque-là dissimulée des BIM, sera-t-il un succès ?!]]></resume>
		<soustitre><![CDATA[]]>
		</soustitre>
		<couverture>http://www.glenat.com/images/02cata/JPG/9782723499279-X.jpg
		</couverture>
		<lien>http://www.glenatmanga.com/btooom-11-9782723499279.htm</lien>
		<planche1></planche1>
		<planche2></planche2>
		<planche3></planche3>
		<planche4></planche4>
		<vignette>http://www.glenat.com/images/02cata/02couv/9782723499279-V.jpg
		</vignette>
	</item>
	<item>
		<titre><![CDATA[Docteur Radar - Édition spéciale Noir et blanc]]></titre>
		<type>BD</type>
		<datedeparution>15/01/2014</datedeparution>
		<isbn>978-2-344-00017-5</isbn>
		<ean>9782344000175</ean>
		<prix>49.00</prix>
		<pages>80</pages>
		<largeur>255</largeur>
		<hauteur>348</hauteur>
		<serie><![CDATA[]]>
		</serie>
		<numero><![CDATA[Docteur Radar - Édition spéciale Noir et blanc]]></numero>
		<collection><![CDATA[Hors Collection]]></collection>
		<Scénariste><![CDATA[Noël Simsolo]]></Scénariste>
		<Dessinateur><![CDATA[Frédéric Bézian]]></Dessinateur>
		<editeur>Glénat bd</editeur>
		<resume><![CDATA[Parallèlement à l'édition standard paraîtra une édition spéciale numérotée et limitée à 1000 exemplaires ! Entièrement en noir et blanc, cet ouvrage grand format rend hommage de la plus belle des manières au trait somptueux de Bézian, et apporte des éléments complémentaires sur la rencontre entre les deux auteurs et la naissance du projet Docteur Radar.]]></resume>
		<soustitre><![CDATA[Tueur de savants]]></soustitre>
		<couverture>http://www.glenat.com/images/02cata/JPG/9782344000175-X.jpg
		</couverture>
		<lien>http://www.glenatbd.com/bd/docteur-radar-edition-speciale-noir-et-blanc-9782344000175.htm
		</lien>
		<planche1>http://www.glenat.com/images/02cata/planches/9782344000175-P-1G.jpg
		</planche1>
		<planche2>http://www.glenat.com/images/02cata/planches/9782344000175-P-2G.jpg
		</planche2>
		<planche3>http://www.glenat.com/images/02cata/planches/9782344000175-P-3G.jpg
		</planche3>
		<planche4>http://www.glenat.com/images/02cata/planches/9782344000175-P-4G.jpg
		</planche4>
		<vignette>http://www.glenat.com/images/02cata/02couv/9782344000175-V.jpg
		</vignette>
	</item>
	<item>
		<titre><![CDATA[Mafalda - Intégrale 50 ans]]></titre>
		<type>BD</type>
		<datedeparution>03/01/2014</datedeparution>
		<isbn>978-2-344-00018-2</isbn>
		<ean>9782344000182</ean>
		<prix>30.00</prix>
		<pages>576</pages>
		<largeur>225</largeur>
		<hauteur>328</hauteur>
		<serie><![CDATA[Mafalda]]></serie>
		<numero><![CDATA[Intégrale 50 ans]]></numero>
		<collection><![CDATA[Jeunesse]]></collection>
		<Auteur><![CDATA[Quino]]></Auteur>
		<editeur>Glénat bd</editeur>
		<resume><![CDATA[<p><strong>Mafalda, 50 ans et encore toutes ses dents&nbsp;!</strong></p> On ne présente plus Mafalda, petite fille qui découvre la vie, ses joies, ses absurdités et ses horreurs. À travers léveil dun enfant, Quino nous livre sa réflexion sur le monde et sur létrange animal qui le peuple : lêtre humain. Quino donne naissance à Mafalda en 1964, personnage contestataire et anticonformiste de 10 ans, qui fera de lui un dessinateur mondialement reconnu.2014 célébrera les 50 ans de Mafalda (même si elle ne les fait pas) ! À cette occasion, les éditions Glénat sont heureuses de rééditer leur intégrale dans une nouvelle édition anniversaire bénéficiant d'une couverture inédite, afin que toutes les générations puissent découvrir cet incontournable de la bande dessinée internationale.]]></resume>
		<soustitre><![CDATA[]]>
		</soustitre>
		<couverture>http://www.glenat.com/images/02cata/JPG/9782344000182-X.jpg
		</couverture>
		<lien>http://www.glenatbd.com/bd/mafalda-integrale-50-ans-9782344000182.htm
		</lien>
		<planche1>http://www.glenat.com/images/02cata/planches/9782344000182-P-1G.jpg
		</planche1>
		<planche2>http://www.glenat.com/images/02cata/planches/9782344000182-P-2G.jpg
		</planche2>
		<planche3>http://www.glenat.com/images/02cata/planches/9782344000182-P-3G.jpg
		</planche3>
		<planche4>http://www.glenat.com/images/02cata/planches/9782344000182-P-4G.jpg
		</planche4>
		<vignette>http://www.glenat.com/images/02cata/02couv/9782344000182-V.jpg
		</vignette>
	</item>
	<item>
		<titre><![CDATA[La Nuit - Nouvelle édition]]></titre>
		<type>BD</type>
		<datedeparution>15/01/2014</datedeparution>
		<isbn>978-2-344-00020-5</isbn>
		<ean>9782344000205</ean>
		<prix>18.00</prix>
		<pages>72</pages>
		<largeur>240</largeur>
		<hauteur>320</hauteur>
		<serie><![CDATA[La Nuit]]></serie>
		<numero><![CDATA[Nouvelle édition]]></numero>
		<collection><![CDATA[Caractère]]></collection>
		<Auteur><![CDATA[Philippe Druillet]]></Auteur>
		<editeur>Glénat bd</editeur>
		<resume><![CDATA[<p><strong>L&rsquo;&oelig;uvre ma&icirc;tresse de Druillet r&eacute;&eacute;dit&eacute;e</strong></p> En 1975, Philippe Druillet perd sa femme Nicole, victime dun cancer foudroyant. Il exorcise sa peine dans un album au pessimisme assumé, pointant labsence totale déchappatoire à lissue finale. Souvrant sur une préface laissant éructer la rage de lauteur, La Nuit nous décrit un monde en proie aux gangs de motards anarchiques ou autres barbares déglingués et accros à la dope, se dirigeant tous, au cours dune bataille sanglante pour le « shoot » ultime, vers une fin inéluctable. Les planches grandioses sy succèdent comme de véritables tableaux dressant le portrait dune humanité en perdition, folle, désespérée et nihiliste.Explosive, fantastique, sombre, violente, baroque, outrancière : les adjectifs ne manquent pas pour décrire luvre géniale de Druillet, mais sil est un album qui se distingue parmi tous ses univers, cest bien celui-ci. Probablement le plus noir mais aussi le plus fascinant, La Nuit est de ceux que lon noublie pas. À nouveau disponible avec sa couverture originale, cette réédition lui rend hommage.]]></resume>
		<soustitre><![CDATA[]]>
		</soustitre>
		<couverture>http://www.glenat.com/images/02cata/JPG/9782344000205-X.jpg
		</couverture>
		<lien>http://www.glenatbd.com/bd/la-nuit-nouvelle-edition-9782344000205.htm
		</lien>
		<planche1>http://www.glenat.com/images/02cata/planches/9782344000205-P-1G.jpg
		</planche1>
		<planche2>http://www.glenat.com/images/02cata/planches/9782344000205-P-2G.jpg
		</planche2>
		<planche3>http://www.glenat.com/images/02cata/planches/9782344000205-P-3G.jpg
		</planche3>
		<planche4>http://www.glenat.com/images/02cata/planches/9782344000205-P-4G.jpg
		</planche4>
		<vignette>http://www.glenat.com/images/02cata/02couv/9782344000205-V.jpg
		</vignette>
	</item>
	<item>
		<titre><![CDATA[Alice au pays des singes - Tome 02 - Édition collector]]></titre>
		<type>BD</type>
		<datedeparution>29/01/2014</datedeparution>
		<isbn>978-2-344-00152-3</isbn>
		<ean>9782344001523</ean>
		<prix>79.00</prix>
		<pages>88</pages>
		<largeur>285</largeur>
		<hauteur>368</hauteur>
		<serie><![CDATA[Alice au pays des singes]]></serie>
		<numero><![CDATA[Tome 02 - Édition collector]]></numero>
		<collection><![CDATA[Jeunesse]]></collection>
		<Scénariste><![CDATA[Tébo]]></Scénariste>
		<Dessinateur><![CDATA[Nicolas Keramidas]]></Dessinateur>
		<editeur>Glénat bd</editeur>
		<resume><![CDATA[]]>
		</resume>
		<soustitre><![CDATA[Livre II]]></soustitre>
		<couverture>http://www.glenat.com/images/02cata/JPG/9782344001523-X.jpg
		</couverture>
		<lien>http://www.glenatbd.com/bd/alice-au-pays-des-singes-tome-02-edition-collector-9782344001523.htm
		</lien>
		<planche1>http://www.glenat.com/images/02cata/planches/9782344001523-P-1G.jpg
		</planche1>
		<planche2>http://www.glenat.com/images/02cata/planches/9782344001523-P-2G.jpg
		</planche2>
		<planche3>http://www.glenat.com/images/02cata/planches/9782344001523-P-3G.jpg
		</planche3>
		<planche4>http://www.glenat.com/images/02cata/planches/9782344001523-P-4G.jpg
		</planche4>
		<vignette>http://www.glenat.com/images/02cata/02couv/9782344001523-V.jpg
		</vignette>
	</item>
	<item>
		<titre><![CDATA[Siberia 56 - Tome 01]]></titre>
		<type>BD</type>
		<datedeparution>15/01/2014</datedeparution>
		<isbn>978-2-7234-9051-1</isbn>
		<ean>9782723490511</ean>
		<prix>13.90</prix>
		<pages>48</pages>
		<largeur>240</largeur>
		<hauteur>320</hauteur>
		<serie><![CDATA[Siberia 56]]></serie>
		<numero><![CDATA[Tome 01]]></numero>
		<collection><![CDATA[Grafica]]></collection>
		<Scénariste><![CDATA[Christophe Bec]]></Scénariste>
		<Dessinateur><![CDATA[Alexis Sentenac]]></Dessinateur>
		<editeur>Glénat bd</editeur>
		<resume><![CDATA[<p><strong>Un monde o&ugrave; &laquo;&nbsp;survie&nbsp;&raquo; n&rsquo;est pas un vain mot</strong></p> Siberia est la 56e planète de précolonisation terrienne. Une planète entièrement recouverte de neige et de montagnes escarpées. Les pôles y atteignent des températures de - 200&deg;C avec des vents glacials de 300 km/h. Cest dans ce véritable enfer que 5 scientifiques doivent rejoindre leur camp de base après un voyage de 80 millions dannées-lumières à travers lespace. Mais, alors quils descendent sur la planète, leur navette se retrouve malmenée par les vents violents et se crashe aussitôt ! Les survivants vont devoir parcourir les 250 kilomètres qui les séparent de la base à pied. Autant dire quentre le froid mordant, les tempêtes et les redoutables prédateurs qui rôdent, leurs chances de survie sont proches du zéro absolu...Avec Siberia 56, Christophe Bec nous livre son Sanctuaire de lespace ! Un nouveau diptyque de SF au cur dun monde hostile mais fascinant, qui nest pas sans nous rappeler quelques classiques du genre, superbement illustré par le dessin magistral dAlexis Sentenac.]]></resume>
		<soustitre><![CDATA[La 13e mission]]></soustitre>
		<couverture>http://www.glenat.com/images/02cata/JPG/9782723490511-X.jpg
		</couverture>
		<lien>http://www.glenatbd.com/bd/siberia-56-tome-01-9782723490511.htm
		</lien>
		<planche1>http://www.glenat.com/images/02cata/planches/9782723490511-P-1G.jpg
		</planche1>
		<planche2>http://www.glenat.com/images/02cata/planches/9782723490511-P-2G.jpg
		</planche2>
		<planche3>http://www.glenat.com/images/02cata/planches/9782723490511-P-3G.jpg
		</planche3>
		<planche4>http://www.glenat.com/images/02cata/planches/9782723490511-P-4G.jpg
		</planche4>
		<vignette>http://www.glenat.com/images/02cata/02couv/9782723490511-V.jpg
		</vignette>
	</item>
	<item>
		<titre><![CDATA[Docteur Radar]]></titre>
		<type>BD</type>
		<datedeparution>15/01/2014</datedeparution>
		<isbn>978-2-7234-9078-8</isbn>
		<ean>9782723490788</ean>
		<prix>19.50</prix>
		<pages>72</pages>
		<largeur>240</largeur>
		<hauteur>320</hauteur>
		<serie><![CDATA[Docteur Radar]]></serie>
		<numero><![CDATA[Docteur Radar]]></numero>
		<collection><![CDATA[Hors Collection]]></collection>
		<Scénariste><![CDATA[Noël Simsolo]]></Scénariste>
		<Dessinateur><![CDATA[Frédéric Bézian]]></Dessinateur>
		<editeur>Glénat bd</editeur>
		<resume><![CDATA[<p><strong>Prends garde &agrave; toi, docteur Radar&nbsp;!</strong></p> Paris, gare de lEst, 1920. Gontran Saint-Clair, savant reconnu, est retrouvé mort empoisonné au curare dans un train de la ligne Paris-Berlin. Ce meurtre survient peu après le décès suspect de deux autres savants : Aristide Vernon et Bruno Vaillant. Plus tard, cest le professeur Émile Lenoir qui succombe dune piqûre de scorpion, en plein Paris Or ces savants avaient un point commun : ils travaillaient tous sur la conquête spatiale ! Ferdinand Straub, ancien as de laviation française reconverti en détective, mène lenquête et découvre que le responsable de ces crimes serait un certain docteur Radar, un mystérieux et dangereux individu passé maître dans lart du déguisement. Entre le talent de son adversaire et lincompétence de la police parisienne, Straub va devoir redoubler dingéniosité et de vigilance pour capturer le redoutable docteur RadarDocteur Radar nous replonge dans le surréalisme français de la première moitié du XXe siècle, où science, progrès et méchants machiavéliques rythmaient les grands feuilletons policiers de lépoque comme Fantômas. Après Ne touchez à rien, le dessin expressif et virtuose de Bézian sassocie une nouvelle fois, mais dans un tout autre registre, au talent narratif et au scénario millimétré de son complice Simsolo.]]></resume>
		<soustitre><![CDATA[Tueur de savants]]></soustitre>
		<couverture>http://www.glenat.com/images/02cata/JPG/9782723490788-X.jpg
		</couverture>
		<lien>http://www.glenatbd.com/bd/docteur-radar-9782723490788.htm
		</lien>
		<planche1>http://www.glenat.com/images/02cata/planches/9782723490788-P-1G.jpg
		</planche1>
		<planche2>http://www.glenat.com/images/02cata/planches/9782723490788-P-2G.jpg
		</planche2>
		<planche3>http://www.glenat.com/images/02cata/planches/9782723490788-P-3G.jpg
		</planche3>
		<planche4>http://www.glenat.com/images/02cata/planches/9782723490788-P-4G.jpg
		</planche4>
		<vignette>http://www.glenat.com/images/02cata/02couv/9782723490788-V.jpg
		</vignette>
	</item>
	<item>
		<titre><![CDATA[Captain Tsubasa - Tome 22]]></titre>
		<type>MANGA</type>
		<datedeparution>03/01/2014</datedeparution>
		<isbn>978-2-7234-9175-4</isbn>
		<ean>9782723491754</ean>
		<prix>6.90</prix>
		<pages>208</pages>
		<largeur>115</largeur>
		<hauteur>180</hauteur>
		<serie><![CDATA[Captain Tsubasa]]></serie>
		<numero><![CDATA[Tome 22]]></numero>
		<collection><![CDATA[Shônen]]></collection>
		<Auteur><![CDATA[Yoichi Takahashi]]></Auteur>
		<editeur>Glénat Manga</editeur>
		<resume><![CDATA[En ce début de finale, les deux équipes sont désormais à égalité. Alors que Kojiro lance un défi à Tsubasa, ce dernier esquive la confrontation tant qu'il peut. Malheureusement, une telle esquive risque fort de desservir Nankatsu et les poteaux ne seront pas toujours là pour éviter les buts...]]></resume>
		<soustitre><![CDATA[]]>
		</soustitre>
		<couverture>http://www.glenat.com/images/02cata/JPG/9782723491754-X.jpg
		</couverture>
		<lien>http://www.glenatmanga.com/captain-tsubasa-22-9782723491754.htm
		</lien>
		<planche1></planche1>
		<planche2></planche2>
		<planche3></planche3>
		<planche4></planche4>
		<vignette>http://www.glenat.com/images/02cata/02couv/9782723491754-V.jpg
		</vignette>
	</item>
	<item>
		<titre><![CDATA[Alice au pays des singes - Tome 02]]></titre>
		<type>BD</type>
		<datedeparution>15/01/2014</datedeparution>
		<isbn>978-2-7234-9191-4</isbn>
		<ean>9782723491914</ean>
		<prix>13.90</prix>
		<pages>48</pages>
		<largeur>240</largeur>
		<hauteur>320</hauteur>
		<serie><![CDATA[Alice au pays des singes]]></serie>
		<numero><![CDATA[Tome 02]]></numero>
		<collection><![CDATA[Jeunesse]]></collection>
		<Scénariste><![CDATA[Tébo]]></Scénariste>
		<Dessinateur><![CDATA[Nicolas Keramidas]]></Dessinateur>
		<Coloriste><![CDATA[Lyse Tarquin]]></Coloriste>
		<Coloriste><![CDATA[Florence Torta]]></Coloriste>
		<editeur>Glénat bd</editeur>
		<resume><![CDATA[<p>Une fable tout public des plus m&eacute;morables&nbsp;!</p> Ça y est, Alice a quitté le pays des singes. Mais elle nest pas rentrée chez elle pour autant ! La voilà rendue au « pays de Nulle part », celui du célèbre capitaine Crochet aux prises avec un Peter Pan qui a la manie de transformer tous ceux quil croise en crocodiles. Crochet et son équipage embarquent Alice avec eux pour récupérer lantidote à cette fâcheuse transformation. Mais à peine sont-ils partis quun terrible tourbillon précipite leur navire tout droit au pays des singes !Voici la suite des aventures délirantes de la petite Alice, où Tébo détourne joyeusement les célèbres figures de la littérature jeunesse. En résulte une galerie de personnages loufoques, tous plus déjantés les uns que les autres, prenant vie grâce au dessin impeccable dun Keramidas au sommet de sa forme !]]></resume>
		<soustitre><![CDATA[Livre II]]></soustitre>
		<couverture>http://www.glenat.com/images/02cata/JPG/9782723491914-X.jpg
		</couverture>
		<lien>http://www.glenatbd.com/bd/alice-au-pays-des-singes-tome-02-9782723491914.htm
		</lien>
		<planche1>http://www.glenat.com/images/02cata/planches/9782723491914-P-1G.jpg
		</planche1>
		<planche2>http://www.glenat.com/images/02cata/planches/9782723491914-P-2G.jpg
		</planche2>
		<planche3>http://www.glenat.com/images/02cata/planches/9782723491914-P-3G.jpg
		</planche3>
		<planche4>http://www.glenat.com/images/02cata/planches/9782723491914-P-4G.jpg
		</planche4>
		<vignette>http://www.glenat.com/images/02cata/02couv/9782723491914-V.jpg
		</vignette>
	</item>
	<item>
		<titre><![CDATA[La Dynastie Donald Duck - Tome 13]]></titre>
		<type>BD</type>
		<datedeparution>22/01/2014</datedeparution>
		<isbn>978-2-7234-9301-7</isbn>
		<ean>9782723493017</ean>
		<prix>29.50</prix>
		<pages>384</pages>
		<largeur>175</largeur>
		<hauteur>248</hauteur>
		<serie><![CDATA[La Dynastie Donald Duck]]></serie>
		<numero><![CDATA[Tome 13]]></numero>
		<collection><![CDATA[Intégrale]]></collection>
		<Auteur><![CDATA[Carl Barks]]></Auteur>
		<editeur>Disney</editeur>
		<resume><![CDATA[<p>Tout l&rsquo;univers &agrave; la fois familier et original de Carl Barks en int&eacute;grale haut de gamme</p> Retrouvez l'intégralité de l'uvre de Carl Barks, l'auteur le plus réputé et le plus talentueux des aventures de Donald. Aventure, mystère et magie sont bien sûr au rendez-vous de ces histoires, mais aussi humour, amitié et cacophonie familiale ! En introduction, chaque volume propose un appareil critique de l'uvre de l'auteur, et chaque histoire est précédée d'une courte fiche d'identité bibliographique permettant de la replacer dans le contexte de sa première publication. La mise en couleur de l'ensemble des bandes dessinées a été refaite à l'occasion de cette intégrale, prévue en 24 volumes, idéale pour les admirateurs de Carl Barks et les collectionneurs bibliophiles, et qui s'est déjà vendue à près de 180 000 exemplaires !]]></resume>
		<soustitre><![CDATA[La caverne d'Ali Baba et autres histoires]]></soustitre>
		<couverture>http://www.glenat.com/images/02cata/JPG/9782723493017-X.jpg
		</couverture>
		<lien>http://www.glenatbd.com/bd/la-dynastie-donald-duck-tome-13-9782723493017.htm
		</lien>
		<planche1>http://www.glenat.com/images/02cata/planches/9782723493017-P-1G.jpg
		</planche1>
		<planche2>http://www.glenat.com/images/02cata/planches/9782723493017-P-2G.jpg
		</planche2>
		<planche3>http://www.glenat.com/images/02cata/planches/9782723493017-P-3G.jpg
		</planche3>
		<planche4>http://www.glenat.com/images/02cata/planches/9782723493017-P-4G.jpg
		</planche4>
		<vignette>http://www.glenat.com/images/02cata/02couv/9782723493017-V.jpg
		</vignette>
	</item>
	<item>
		<titre><![CDATA[Vertical - Tome 03]]></titre>
		<type>MANGA</type>
		<datedeparution>22/01/2014</datedeparution>
		<isbn>978-2-7234-9341-3</isbn>
		<ean>9782723493413</ean>
		<prix>7.60</prix>
		<pages>224</pages>
		<largeur>130</largeur>
		<hauteur>180</hauteur>
		<serie><![CDATA[Vertical]]></serie>
		<numero><![CDATA[Tome 03]]></numero>
		<collection><![CDATA[Seinen]]></collection>
		<Auteur><![CDATA[Shinichi Ishizuka]]></Auteur>
		<editeur>Glénat Manga</editeur>
		<resume><![CDATA[Sanpo Shimazaki a conquis les plus hauts sommets du monde. Il connaît les aspects merveilleux de la montagne et les malheurs qui accompagnent les accidents qui sy produisent. Devenu secouriste dans les Alpes japonaises, il y accueille les visiteurs séduits par les hauteurs.]]></resume>
		<soustitre><![CDATA[]]>
		</soustitre>
		<couverture>http://www.glenat.com/images/02cata/JPG/9782723493413-X.jpg
		</couverture>
		<lien>http://www.glenatmanga.com/vertical-03-9782723493413.htm</lien>
		<planche1></planche1>
		<planche2></planche2>
		<planche3></planche3>
		<planche4></planche4>
		<vignette>http://www.glenat.com/images/02cata/02couv/9782723493413-V.jpg
		</vignette>
	</item>
	<item>
		<titre><![CDATA[La Main de Dieu - Tome 02]]></titre>
		<type>BD</type>
		<datedeparution>22/01/2014</datedeparution>
		<isbn>978-2-7234-9362-8</isbn>
		<ean>9782723493628</ean>
		<prix>14.50</prix>
		<pages>56</pages>
		<largeur>240</largeur>
		<hauteur>320</hauteur>
		<serie><![CDATA[La Main de Dieu]]></serie>
		<numero><![CDATA[Tome 02]]></numero>
		<collection><![CDATA[Grafica]]></collection>
		<Auteur><![CDATA[Marc Védrines]]></Auteur>
		<editeur>Glénat bd</editeur>
		<resume><![CDATA[<p><strong>La saga de l&rsquo;homme le plus d&eacute;test&eacute; et le plus admir&eacute; des &Eacute;tats-Unis</strong></p> Pendant trois ans, John Edgar Hoover n'a cessé de déployer toutes les ruses et les manuvres politiques pour accéder au poste tant convoité de Directeur du F.B.I. Ce deuxième tome illustre un tournant dans l'histoire du bureau et de la vie intime de son patron. Comment des agents inexpérimentés vont-ils rivaliser avec des gangsters à la gâchette facile tels que John Dillinger et le clan Barker ? Quel stratagème Hoover va-t-il utiliser cette fois-ci pour asseoir définitivement son autorité ? Ses agents seront-ils à la hauteur de sa vision pour le bureau ? Sauront-ils le satisfaire ? Enlèvement du fils de Charles Lindbergh, guerre des médias, lutte ouverte avec la police de New York, manipulations politiques, pressions en tous genres, Hoover montrera une fois encore tous ses talents de grand homme de l'ombre assoiffé de pouvoir, fût-ce au prix de l'illégalitéIssu de deux ans de recherche, sur tous les ouvrages publiés sur le F.B.I. et Hoover, Marc Védrines réalise une uvre unique en son genre. La Main de Dieu raconte en trois tomes les secrets qui auraient dû ruiner la carrière et la vie de Hoover, altérant à jamais l'image qu'il voulait donner du F.B.I. et de ses trois lettres qu'il désirait voir résonner comme : "Fidélité, Bravoure et Intégrité".Le dernier opus nous amènera dans les méandres de la dynastie Kennedy pour se conclure sous l'ère Nixon : autant de présidents qui voudront se débarrasser de Hoover sans y parvenir Car on ne licencie pas Dieu]]></resume>
		<soustitre><![CDATA[Promotion Gangsters]]></soustitre>
		<couverture>http://www.glenat.com/images/02cata/JPG/9782723493628-X.jpg
		</couverture>
		<lien>http://www.glenatbd.com/bd/la-main-de-dieu-tome-02-9782723493628.htm
		</lien>
		<planche1>http://www.glenat.com/images/02cata/planches/9782723493628-P-1G.jpg
		</planche1>
		<planche2>http://www.glenat.com/images/02cata/planches/9782723493628-P-2G.jpg
		</planche2>
		<planche3>http://www.glenat.com/images/02cata/planches/9782723493628-P-3G.jpg
		</planche3>
		<planche4>http://www.glenat.com/images/02cata/planches/9782723493628-P-4G.jpg
		</planche4>
		<vignette>http://www.glenat.com/images/02cata/02couv/9782723493628-V.jpg
		</vignette>
	</item>
	<item>
		<titre><![CDATA[Les Gouttes de Dieu - Tome 31]]></titre>
		<type>MANGA</type>
		<datedeparution>22/01/2014</datedeparution>
		<isbn>978-2-7234-9390-1</isbn>
		<ean>9782723493901</ean>
		<prix>9.15</prix>
		<pages>240</pages>
		<largeur>130</largeur>
		<hauteur>180</hauteur>
		<serie><![CDATA[Les Gouttes de Dieu]]></serie>
		<numero><![CDATA[Tome 31]]></numero>
		<collection><![CDATA[Seinen]]></collection>
		<Auteur><![CDATA[Tadashi Agi]]></Auteur>
		<editeur>Glénat Manga</editeur>
		<resume><![CDATA[Le tsunami a profondément marqué le Japon, et les membres du département Vins apportent modestement, mais avec du cur, leur pierre à lédifice de la reconstruction.Cest aussi un temps où plusieurs destins se retrouvent à un carrefour. Kido voit son rêve dêtre muté au service publicité se réaliser, mais est-ce toujours ce quil veut ? Maki sen prend violemment à Loulan, accusant la jeune fille de conduire Issei à sa ruine. La jeune chinoise présente sa démission. Cest lheure du choix pour Tomine : qui veut-il être ?]]></resume>
		<soustitre><![CDATA[]]>
		</soustitre>
		<couverture>http://www.glenat.com/images/02cata/JPG/9782723493901-X.jpg
		</couverture>
		<lien>http://www.glenatmanga.com/les-gouttes-de-dieu-31-9782723493901.htm
		</lien>
		<planche1></planche1>
		<planche2></planche2>
		<planche3></planche3>
		<planche4></planche4>
		<vignette>http://www.glenat.com/images/02cata/02couv/9782723493901-V.jpg
		</vignette>
	</item>
	<item>
		<titre><![CDATA[Baby-sitters - Tome 01]]></titre>
		<type>MANGA</type>
		<datedeparution>03/01/2014</datedeparution>
		<isbn>978-2-7234-9401-4</isbn>
		<ean>9782723494014</ean>
		<prix>6.90</prix>
		<pages>192</pages>
		<largeur>115</largeur>
		<hauteur>180</hauteur>
		<serie><![CDATA[Baby-sitters]]></serie>
		<numero><![CDATA[Tome 01]]></numero>
		<collection><![CDATA[Shôjo]]></collection>
		<Auteur><![CDATA[Hari Tokeino]]></Auteur>
		<editeur>Glénat Manga</editeur>
		<resume><![CDATA[<p>Rattrapez-les tous !</p> Ryuichi et son jeune frère Kotaro se retrouvent orphelins suite au crash de lavion qui transportait leurs parents. Ils sont recueillis par la directrice de lAcadémie Morinomiya mais en échange, Ryuichi devra intégrer le club des baby-sitters et soccuper de la crèche destinée à garder les enfants des professeurs. Habitué à garder son petit frère, Ryuichi se débrouille plutôt bien avec les enfants, mais veiller sur six bébés en même temps, cest une autre affaire !Le lecteur sera vite conquis par les adorables petits monstres de la crèche ! Le timide Kotaro, lintrépide Taka, la sérieuse Kirin, le joyeux Takuma, le craintif Kazuma et la petite Midori chaque enfant possède son propre caractère et lauteur a passé de longs moments à étudier les expressions, attitudes  et comportements des enfants pour pouvoir les restituer avec autant de tendresse.En un mot, si vous aimez les enfants, vous aimerez Baby-sitters !]]></resume>
		<soustitre><![CDATA[]]>
		</soustitre>
		<couverture>http://www.glenat.com/images/02cata/JPG/9782723494014-X.jpg
		</couverture>
		<lien>http://www.glenatmanga.com/baby-sitters-01-9782723494014.htm
		</lien>
		<planche1></planche1>
		<planche2></planche2>
		<planche3></planche3>
		<planche4></planche4>
		<vignette>http://www.glenat.com/images/02cata/02couv/9782723494014-V.jpg
		</vignette>
	</item>
	<item>
		<titre><![CDATA[Metronom' - Tome 04]]></titre>
		<type>BD</type>
		<datedeparution>03/01/2014</datedeparution>
		<isbn>978-2-7234-9407-6</isbn>
		<ean>9782723494076</ean>
		<prix>14.50</prix>
		<pages>56</pages>
		<largeur>240</largeur>
		<hauteur>320</hauteur>
		<serie><![CDATA[Metronom']]></serie>
		<numero><![CDATA[Tome 04]]></numero>
		<collection><![CDATA[Grafica]]></collection>
		<Scénariste><![CDATA[Corbeyran]]></Scénariste>
		<Dessinateur><![CDATA[Grun]]></Dessinateur>
		<editeur>Glénat bd</editeur>
		<resume><![CDATA[<p><strong>Dans un futur proche o&ugrave; la population est broy&eacute;e par un r&eacute;gime liberticide...</strong></p> Lynn et Floréal sont finalement renvoyés sur Terre. Les autorités leur donnent pour mission de retrouver Eugène Warnier, un ancien biologiste de renom qui sest réfugié dans la clandestinité. Pour sassurer de leur succès, Lynn se voit injecter le virus qui a justement tué son mari ! Ils ont cinq jours pour débusquer Warnier et obtenir lantidote Pendant ce temps, les rebelles démarrent limpression en masse du conte philosophique Metronom pour le distribuer aux citoyens sous le regard de Radcliffe, lagent du gouvernement infiltré chez euxQuatrième tome de cette série de SF aux références prestigieuses telles que Brazil, Blade Runner ou Total Recall. Un scénario brillant de Corbeyran, mis en valeur par le dessin de Grun qui illustre à merveille un monde étouffant.]]></resume>
		<soustitre><![CDATA[Virus psychique]]></soustitre>
		<couverture>http://www.glenat.com/images/02cata/JPG/9782723494076-X.jpg
		</couverture>
		<lien>http://www.glenatbd.com/bd/metronom-tome-04-9782723494076.htm
		</lien>
		<planche1>http://www.glenat.com/images/02cata/planches/9782723494076-P-1G.jpg
		</planche1>
		<planche2>http://www.glenat.com/images/02cata/planches/9782723494076-P-2G.jpg
		</planche2>
		<planche3>http://www.glenat.com/images/02cata/planches/9782723494076-P-3G.jpg
		</planche3>
		<planche4>http://www.glenat.com/images/02cata/planches/9782723494076-P-4G.jpg
		</planche4>
		<vignette>http://www.glenat.com/images/02cata/02couv/9782723494076-V.jpg
		</vignette>
	</item>
	<item>
		<titre><![CDATA[Pinkerton - Tome 02]]></titre>
		<type>BD</type>
		<datedeparution>08/01/2014</datedeparution>
		<isbn>978-2-7234-9455-7</isbn>
		<ean>9782723494557</ean>
		<prix>13.90</prix>
		<pages>48</pages>
		<largeur>240</largeur>
		<hauteur>320</hauteur>
		<serie><![CDATA[Pinkerton]]></serie>
		<numero><![CDATA[Tome 02]]></numero>
		<collection><![CDATA[Grafica]]></collection>
		<Scénariste><![CDATA[Remi Guerin]]></Scénariste>
		<Dessinateur><![CDATA[Damour]]></Dessinateur>
		<Coloriste><![CDATA[Paolo Francescutto]]></Coloriste>
		<editeur>Glénat bd</editeur>
		<resume><![CDATA[<p><strong>Il faut sauver le pr&eacute;sident Lincoln&nbsp;!</strong></p> Allan Pinkerton et son agence éponyme sont craints de tous les criminels des États-Unis. Et pour cause : lui et ses hommes nhésitent pas à se rendre aussi redoutables que les lascars quils traquent, quitte à faire verser le sang et à semer les cadavres derrière eux pour faire appliquer la justice. Cest justement au cours de lun de ses interrogatoires musclés que Pinkerton est rencardé sur un coup impensable : lattentat du président Lincoln ! Tous les hommes de lagence sont alors envoyés arpenter le pays à la recherche de la moindre information Un seul mot dordre pour empêcher ce crime odieux : aucune limite.Second volume autoconclusif des aventures du flic le plus dangereux du Far West, mettant en lumière les circonstances et léchec du complot de Baltimore, qui visait à assassiner un Lincoln fraîchement élu président, à la veille de la guerre de Sécession.]]></resume>
		<soustitre><![CDATA[Dossier Abraham Lincoln - 1861]]></soustitre>
		<couverture>http://www.glenat.com/images/02cata/JPG/9782723494557-X.jpg
		</couverture>
		<lien>http://www.glenatbd.com/bd/pinkerton-tome-02-9782723494557.htm
		</lien>
		<planche1>http://www.glenat.com/images/02cata/planches/9782723494557-P-1G.jpg
		</planche1>
		<planche2>http://www.glenat.com/images/02cata/planches/9782723494557-P-2G.jpg
		</planche2>
		<planche3>http://www.glenat.com/images/02cata/planches/9782723494557-P-3G.jpg
		</planche3>
		<planche4>http://www.glenat.com/images/02cata/planches/9782723494557-P-4G.jpg
		</planche4>
		<vignette>http://www.glenat.com/images/02cata/02couv/9782723494557-V.jpg
		</vignette>
	</item>
	<item>
		<titre><![CDATA[One piece - Édition originale tome 21]]></titre>
		<type>MANGA</type>
		<datedeparution>03/01/2014</datedeparution>
		<isbn>978-2-7234-9477-9</isbn>
		<ean>9782723494779</ean>
		<prix>6.90</prix>
		<pages>192</pages>
		<largeur>115</largeur>
		<hauteur>180</hauteur>
		<serie><![CDATA[One Piece]]></serie>
		<numero><![CDATA[Édition originale tome 21]]></numero>
		<collection><![CDATA[Shônen]]></collection>
		<Auteur><![CDATA[Eiichiro Oda]]></Auteur>
		<editeur>Glénat Manga</editeur>
		<resume><![CDATA[Enfin arrivée au palais royal, Vivi tombe nez à nez avec Crocodile, qui lui révèle le véritable objectif de son plan !! Pendant ce temps, léquipage poursuit son combat contre les agents de Baroque Works et fait face à leurs terribles pouvoirs !!]]></resume>
		<soustitre><![CDATA[Utupia]]></soustitre>
		<couverture>http://www.glenat.com/images/02cata/JPG/9782723494779-X.jpg
		</couverture>
		<lien>http://www.glenatmanga.com/one-piece-edition-originale-tome-21-9782723494779.htm
		</lien>
		<planche1></planche1>
		<planche2></planche2>
		<planche3></planche3>
		<planche4></planche4>
		<vignette>http://www.glenat.com/images/02cata/02couv/9782723494779-V.jpg
		</vignette>
	</item>
</data>
