<?xml version="1.0" encoding="UTF-8"?>
<?xml-stylesheet type="text/xsl" href="imdb250.xslt"?>
<imdb250>
	<film>
		<titre>Les évadés</titre>
		<annee>1994</annee>
		<note>9,2</note>
		<votants>909 232</votants>
	</film>
	<film>
		<titre>Le parrain</titre>
		<annee>1972</annee>
		<note>9,2</note>
		<votants>655 068</votants>
	</film>
	<film>
		<titre>Le parrain, 2ème partie</titre>
		<annee>1974</annee>
		<note>9,0</note>
		<votants>421 436</votants>
	</film>
	<film>
		<titre>Pulp Fiction</titre>
		<annee>1994</annee>
		<note>8,9</note>
		<votants>708 739</votants>
	</film>
	<film>
		<titre>Le bon, la brute et le truand</titre>
		<annee>1966</annee>
		<note>8,9</note>
		<votants>278 073</votants>
	</film>
	<film>
		<titre>12 hommes en colère</titre>
		<annee>1957</annee>
		<note>8,9</note>
		<votants>223 853</votants>
	</film>
	<film>
		<titre>The Dark Knight: Le Chevalier noir</titre>
		<annee>2008</annee>
		<note>8,9</note>
		<votants>889 621</votants>
	</film>
	<film>
		<titre>La liste de Schindler</titre>
		<annee>1993</annee>
		<note>8,9</note>
		<votants>468 380</votants>
	</film>
	<film>
		<titre>Le seigneur des anneaux - Le retour du roi</titre>
		<annee>2003</annee>
		<note>8,8</note>
		<votants>651 493</votants>
	</film>
	<film>
		<titre>Fight Club</titre>
		<annee>1999</annee>
		<note>8,8</note>
		<votants>693 762</votants>
	</film>
	<film>
		<titre>L'empire contre-attaque</titre>
		<annee>1980</annee>
		<note>8,8</note>
		<votants>450 504</votants>
	</film>
	<film>
		<titre>Le seigneur des anneaux - La communauté de l'anneau</titre>
		<annee>2001</annee>
		<note>8,8</note>
		<votants>676 822</votants>
	</film>
	<film>
		<titre>Vol au-dessus d'un nid de coucou</titre>
		<annee>1975</annee>
		<note>8,8</note>
		<votants>380 177</votants>
	</film>
	<film>
		<titre>Inception</titre>
		<annee>2010</annee>
		<note>8,7</note>
		<votants>705 051</votants>
	</film>
	<film>
		<titre>Les affranchis</titre>
		<annee>1990</annee>
		<note>8,7</note>
		<votants>398 870</votants>
	</film>
	<film>
		<titre>La guerre des étoiles</titre>
		<annee>1977</annee>
		<note>8,7</note>
		<votants>505 213</votants>
	</film>
	<film>
		<titre>Les sept samouraïs</titre>
		<annee>1954</annee>
		<note>8,7</note>
		<votants>143 628</votants>
	</film>
	<film>
		<titre>Forrest Gump</titre>
		<annee>1994</annee>
		<note>8,7</note>
		<votants>594 010</votants>
	</film>
	<film>
		<titre>Matrix</titre>
		<annee>1999</annee>
		<note>8,7</note>
		<votants>660 251</votants>
	</film>
	<film>
		<titre>Le seigneur des anneaux - Les deux tours</titre>
		<annee>2002</annee>
		<note>8,7</note>
		<votants>584 739</votants>
	</film>
	<film>
		<titre>La cité de Dieu</titre>
		<annee>2002</annee>
		<note>8,7</note>
		<votants>298 431</votants>
	</film>
	<film>
		<titre>Il était une fois dans l'ouest</titre>
		<annee>1968</annee>
		<note>8,6</note>
		<votants>126 325</votants>
	</film>
	<film>
		<titre>Seven</titre>
		<annee>1995</annee>
		<note>8,6</note>
		<votants>529 466</votants>
	</film>
	<film>
		<titre>Le silence des agneaux</titre>
		<annee>1991</annee>
		<note>8,6</note>
		<votants>443 686</votants>
	</film>
	<film>
		<titre>Casablanca</titre>
		<annee>1942</annee>
		<note>8,6</note>
		<votants>246 595</votants>
	</film>
	<film>
		<titre>Usual Suspects</titre>
		<annee>1995</annee>
		<note>8,6</note>
		<votants>420 247</votants>
	</film>
	<film>
		<titre>Les aventuriers de l'arche perdue</titre>
		<annee>1981</annee>
		<note>8,6</note>
		<votants>385 276</votants>
	</film>
	<film>
		<titre>Fenêtre sur cour</titre>
		<annee>1954</annee>
		<note>8,6</note>
		<votants>185 369</votants>
	</film>
	<film>
		<titre>Psychose</titre>
		<annee>1960</annee>
		<note>8,6</note>
		<votants>232 204</votants>
	</film>
	<film>
		<titre>La vie est belle</titre>
		<annee>1946</annee>
		<note>8,6</note>
		<votants>159 845</votants>
	</film>
	<film>
		<titre>Léon</titre>
		<annee>1994</annee>
		<note>8,6</note>
		<votants>387 378</votants>
	</film>
	<film>
		<titre>Boulevard du crépuscule</titre>
		<annee>1950</annee>
		<note>8,5</note>
		<votants>83 932</votants>
	</film>
	<film>
		<titre>Memento</titre>
		<annee>2000</annee>
		<note>8,5</note>
		<votants>480 961</votants>
	</film>
	<film>
		<titre>American History X</titre>
		<annee>1998</annee>
		<note>8,5</note>
		<votants>419 366</votants>
	</film>
	<film>
		<titre>Apocalypse Now</titre>
		<annee>1979</annee>
		<note>8,5</note>
		<votants>269 611</votants>
	</film>
	<film>
		<titre>Terminator 2 - Le jugement dernier</titre>
		<annee>1991</annee>
		<note>8,5</note>
		<votants>414 611</votants>
	</film>
	<film>
		<titre>Il faut sauver le soldat Ryan</titre>
		<annee>1998</annee>
		<note>8,5</note>
		<votants>467 355</votants>
	</film>
	<film>
		<titre>Django Unchained</titre>
		<annee>2012</annee>
		<note>8,5</note>
		<votants>172 234</votants>
	</film>
	<film>
		<titre>Docteur Folamour</titre>
		<annee>1964</annee>
		<note>8,5</note>
		<votants>222 532</votants>
	</film>
	<film>
		<titre>Alien - Le huitième passager</titre>
		<annee>1979</annee>
		<note>8,5</note>
		<votants>311 057</votants>
	</film>
	<film>
		<titre>Les lumières de la ville</titre>
		<annee>1931</annee>
		<note>8,5</note>
		<votants>53 070</votants>
	</film>
	<film>
		<titre>La mort aux trousses</titre>
		<annee>1959</annee>
		<note>8,5</note>
		<votants>136 223</votants>
	</film>
	<film>
		<titre>Le voyage de Chihiro</titre>
		<annee>2001</annee>
		<note>8,5</note>
		<votants>203 467</votants>
	</film>
	<film>
		<titre>The Dark Knight Rises</titre>
		<annee>2012</annee>
		<note>8,5</note>
		<votants>535 715</votants>
	</film>
	<film>
		<titre>Les temps modernes</titre>
		<annee>1936</annee>
		<note>8,5</note>
		<votants>66 981</votants>
	</film>
	<film>
		<titre>Citizen Kane</titre>
		<annee>1941</annee>
		<note>8,5</note>
		<votants>193 985</votants>
	</film>
	<film>
		<titre>Shining</titre>
		<annee>1980</annee>
		<note>8,5</note>
		<votants>322 472</votants>
	</film>
	<film>
		<titre>Retour vers le futur</titre>
		<annee>1985</annee>
		<note>8,5</note>
		<votants>366 066</votants>
	</film>
	<film>
		<titre>Le pianiste</titre>
		<annee>2002</annee>
		<note>8,5</note>
		<votants>250 288</votants>
	</film>
	<film>
		<titre>Les infiltrés</titre>
		<annee>2006</annee>
		<note>8,4</note>
		<votants>463 076</votants>
	</film>
	<film>
		<titre>Sueurs froides</titre>
		<annee>1958</annee>
		<note>8,4</note>
		<votants>141 371</votants>
	</film>
	<film>
		<titre>M le maudit</titre>
		<annee>1931</annee>
		<note>8,4</note>
		<votants>60 744</votants>
	</film>
	<film>
		<titre>American Beauty</titre>
		<annee>1999</annee>
		<note>8,4</note>
		<votants>481 029</votants>
	</film>
	<film>
		<titre>Taxi Driver</titre>
		<annee>1976</annee>
		<note>8,4</note>
		<votants>276 771</votants>
	</film>
	<film>
		<titre>La vie est belle</titre>
		<annee>1997</annee>
		<note>8,4</note>
		<votants>198 657</votants>
	</film>
	<film>
		<titre>Les sentiers de la gloire</titre>
		<annee>1957</annee>
		<note>8,4</note>
		<votants>68 934</votants>
	</film>
	<film>
		<titre>Assurance sur la mort</titre>
		<annee>1944</annee>
		<note>8,4</note>
		<votants>57 838</votants>
	</film>
	<film>
		<titre>Aliens - Le retour</titre>
		<annee>1986</annee>
		<note>8,4</note>
		<votants>282 226</votants>
	</film>
	<film>
		<titre>Toy Story 3</titre>
		<annee>2010</annee>
		<note>8,4</note>
		<votants>267 540</votants>
	</film>
	<film>
		<titre>Wall-E</titre>
		<annee>2008</annee>
		<note>8,4</note>
		<votants>363 622</votants>
	</film>
	<film>
		<titre>La vie des autres</titre>
		<annee>2006</annee>
		<note>8,4</note>
		<votants>142 496</votants>
	</film>
	<film>
		<titre>Orange mécanique</titre>
		<annee>1971</annee>
		<note>8,4</note>
		<votants>309 930</votants>
	</film>
	<film>
		<titre>Intouchables</titre>
		<annee>2011</annee>
		<note>8,4</note>
		<votants>143 454</votants>
	</film>
	<film>
		<titre>Gladiator</titre>
		<annee>2000</annee>
		<note>8,4</note>
		<votants>511 618</votants>
	</film>
	<film>
		<titre>La ligne verte</titre>
		<annee>1999</annee>
		<note>8,4</note>
		<votants>376 838</votants>
	</film>
	<film>
		<titre>Le fabuleux destin d'Amélie Poulain</titre>
		<annee>2001</annee>
		<note>8,4</note>
		<votants>305 456</votants>
	</film>
	<film>
		<titre>Le dictateur</titre>
		<annee>1940</annee>
		<note>8,4</note>
		<votants>66 048</votants>
	</film>
	<film>
		<titre>Lawrence d'Arabie</titre>
		<annee>1962</annee>
		<note>8,4</note>
		<votants>115 406</votants>
	</film>
	<film>
		<titre>Le prestige</titre>
		<annee>2006</annee>
		<note>8,4</note>
		<votants>417 489</votants>
	</film>
	<film>
		<titre>Du silence et des ombres</titre>
		<annee>1962</annee>
		<note>8,4</note>
		<votants>125 737</votants>
	</film>
	<film>
		<titre>Reservoir Dogs</titre>
		<annee>1992</annee>
		<note>8,4</note>
		<votants>357 507</votants>
	</film>
	<film>
		<titre>Le bateau</titre>
		<annee>1981</annee>
		<note>8,4</note>
		<votants>104 080</votants>
	</film>
	<film>
		<titre>Le troisième homme</titre>
		<annee>1949</annee>
		<note>8,4</note>
		<votants>72 174</votants>
	</film>
	<film>
		<titre>Requiem for a Dream</titre>
		<annee>2000</annee>
		<note>8,4</note>
		<votants>326 681</votants>
	</film>
	<film>
		<titre>Le trésor de la Sierra Madre</titre>
		<annee>1948</annee>
		<note>8,4</note>
		<votants>48 796</votants>
	</film>
	<film>
		<titre>Eternal Sunshine of the Spotless Mind</titre>
		<annee>2004</annee>
		<note>8,4</note>
		<votants>377 674</votants>
	</film>
	<film>
		<titre>Cinema Paradiso</titre>
		<annee>1988</annee>
		<note>8,3</note>
		<votants>78 821</votants>
	</film>
	<film>
		<titre>Il était une fois en Amérique</titre>
		<annee>1984</annee>
		<note>8,3</note>
		<votants>125 476</votants>
	</film>
	<film>
		<titre>Le roi lion</titre>
		<annee>1994</annee>
		<note>8,3</note>
		<votants>301 862</votants>
	</film>
	<film>
		<titre>Le retour du Jedi</titre>
		<annee>1983</annee>
		<note>8,3</note>
		<votants>351 692</votants>
	</film>
	<film>
		<titre>Chinatown</titre>
		<annee>1974</annee>
		<note>8,3</note>
		<votants>127 645</votants>
	</film>
	<film>
		<titre>L.A. Confidential</titre>
		<annee>1997</annee>
		<note>8,3</note>
		<votants>257 526</votants>
	</film>
	<film>
		<titre>Full Metal Jacket</titre>
		<annee>1987</annee>
		<note>8,3</note>
		<votants>263 324</votants>
	</film>
	<film>
		<titre>Braveheart</titre>
		<annee>1995</annee>
		<note>8,3</note>
		<votants>414 227</votants>
	</film>
	<film>
		<titre>Monty Python sacré graal!</titre>
		<annee>1975</annee>
		<note>8,3</note>
		<votants>234 464</votants>
	</film>
	<film>
		<titre>Old Boy</titre>
		<annee>2003</annee>
		<note>8,3</note>
		<votants>182 995</votants>
	</film>
	<film>
		<titre>Chantons sous la pluie</titre>
		<annee>1952</annee>
		<note>8,3</note>
		<votants>86 711</votants>
	</film>
	<film>
		<titre>Certains l'aiment chaud</titre>
		<annee>1959</annee>
		<note>8,3</note>
		<votants>105 141</votants>
	</film>
	<film>
		<titre>Amadeus</titre>
		<annee>1984</annee>
		<note>8,3</note>
		<votants>158 352</votants>
	</film>
	<film>
		<titre>Metropolis</titre>
		<annee>1927</annee>
		<note>8,3</note>
		<votants>65 101</votants>
	</film>
	<film>
		<titre>Rashômon</titre>
		<annee>1950</annee>
		<note>8,3</note>
		<votants>60 610</votants>
	</film>
	<film>
		<titre>Le voleur de bicyclette</titre>
		<annee>1948</annee>
		<note>8,3</note>
		<votants>48 743</votants>
	</film>
	<film>
		<titre>2001, l'odyssée de l'espace</titre>
		<annee>1968</annee>
		<note>8,3</note>
		<votants>240 703</votants>
	</film>
	<film>
		<titre>Princesse Mononoké</titre>
		<annee>1997</annee>
		<note>8,3</note>
		<votants>115 521</votants>
	</film>
	<film>
		<titre>Impitoyable</titre>
		<annee>1992</annee>
		<note>8,3</note>
		<votants>165 103</votants>
	</film>
	<film>
		<titre>Ève</titre>
		<annee>1950</annee>
		<note>8,3</note>
		<votants>50 716</votants>
	</film>
	<film>
		<titre>La garçonnière</titre>
		<annee>1960</annee>
		<note>8,3</note>
		<votants>60 949</votants>
	</film>
	<film>
		<titre>L'arnaque</titre>
		<annee>1973</annee>
		<note>8,3</note>
		<votants>102 490</votants>
	</film>
	<film>
		<titre>Indiana Jones et la dernière croisade</titre>
		<annee>1989</annee>
		<note>8,3</note>
		<votants>290 800</votants>
	</film>
	<film>
		<titre>Raging Bull</titre>
		<annee>1980</annee>
		<note>8,3</note>
		<votants>140 864</votants>
	</film>
	<film>
		<titre>Le pont de la rivière Kwai</titre>
		<annee>1957</annee>
		<note>8,3</note>
		<votants>90 120</votants>
	</film>
	<film>
		<titre>Témoin à charge</titre>
		<annee>1957</annee>
		<note>8,3</note>
		<votants>30 653</votants>
	</film>
	<film>
		<titre>Piège de cristal</titre>
		<annee>1988</annee>
		<note>8,3</note>
		<votants>337 018</votants>
	</film>
	<film>
		<titre>Le tombeau des lucioles</titre>
		<annee>1988</annee>
		<note>8,3</note>
		<votants>63 256</votants>
	</film>
	<film>
		<titre>Batman Begins</titre>
		<annee>2005</annee>
		<note>8,3</note>
		<votants>519 566</votants>
	</film>
	<film>
		<titre>Une séparation</titre>
		<annee>2011</annee>
		<note>8,3</note>
		<votants>75 236</votants>
	</film>
	<film>
		<titre>Le labyrinthe de Pan</titre>
		<annee>2006</annee>
		<note>8,3</note>
		<votants>270 110</votants>
	</film>
	<film>
		<titre>La chute</titre>
		<annee>2004</annee>
		<note>8,3</note>
		<votants>144 846</votants>
	</film>
	<film>
		<titre>Le garde du corps</titre>
		<annee>1961</annee>
		<note>8,3</note>
		<votants>44 017</votants>
	</film>
	<film>
		<titre>Et pour quelques dollars de plus</titre>
		<annee>1965</annee>
		<note>8,3</note>
		<votants>81 190</votants>
	</film>
	<film>
		<titre>Snatch - Tu braques ou tu raques</titre>
		<annee>2000</annee>
		<note>8,3</note>
		<votants>332 899</votants>
	</film>
	<film>
		<titre>Mr. Smith au sénat</titre>
		<annee>1939</annee>
		<note>8,3</note>
		<votants>48 470</votants>
	</film>
	<film>
		<titre>La grande évasion</titre>
		<annee>1963</annee>
		<note>8,3</note>
		<votants>96 616</votants>
	</film>
	<film>
		<titre>Inglourious Basterds</titre>
		<annee>2009</annee>
		<note>8,3</note>
		<votants>416 235</votants>
	</film>
	<film>
		<titre>Là-haut</titre>
		<annee>2009</annee>
		<note>8,2</note>
		<votants>305 131</votants>
	</film>
	<film>
		<titre>Sur les quais</titre>
		<annee>1954</annee>
		<note>8,2</note>
		<votants>60 649</votants>
	</film>
	<film>
		<titre>Elephant Man</titre>
		<annee>1980</annee>
		<note>8,2</note>
		<votants>96 482</votants>
	</film>
	<film>
		<titre>Toy Story</titre>
		<annee>1995</annee>
		<note>8,2</note>
		<votants>308 670</votants>
	</film>
	<film>
		<titre>Le septième sceau</titre>
		<annee>1957</annee>
		<note>8,2</note>
		<votants>64 411</votants>
	</film>
	<film>
		<titre>Heat</titre>
		<annee>1995</annee>
		<note>8,2</note>
		<votants>253 316</votants>
	</film>
	<film>
		<titre>Le mécano de la 'Général'</titre>
		<annee>1926</annee>
		<note>8,2</note>
		<votants>30 407</votants>
	</film>
	<film>
		<titre>Le faucon maltais</titre>
		<annee>1941</annee>
		<note>8,2</note>
		<votants>72 222</votants>
	</film>
	<film>
		<titre>Blade Runner</titre>
		<annee>1982</annee>
		<note>8,2</note>
		<votants>287 284</votants>
	</film>
	<film>
		<titre>Rebecca</titre>
		<annee>1940</annee>
		<note>8,2</note>
		<votants>53 295</votants>
	</film>
	<film>
		<titre>Gran Torino</titre>
		<annee>2008</annee>
		<note>8,2</note>
		<votants>302 470</votants>
	</film>
	<film>
		<titre>Les fraises sauvages</titre>
		<annee>1957</annee>
		<note>8,2</note>
		<votants>35 862</votants>
	</film>
	<film>
		<titre>Fargo</titre>
		<annee>1996</annee>
		<note>8,2</note>
		<votants>250 677</votants>
	</film>
	<film>
		<titre>Le Kid</titre>
		<annee>1921</annee>
		<note>8,2</note>
		<votants>29 126</votants>
	</film>
	<film>
		<titre>Scarface</titre>
		<annee>1983</annee>
		<note>8,2</note>
		<votants>291 551</votants>
	</film>
	<film>
		<titre>The Big Lebowski</titre>
		<annee>1998</annee>
		<note>8,2</note>
		<votants>299 111</votants>
	</film>
	<film>
		<titre>La soif du mal</titre>
		<annee>1958</annee>
		<note>8,2</note>
		<votants>46 769</votants>
	</film>
	<film>
		<titre>Ran</titre>
		<annee>1985</annee>
		<note>8,2</note>
		<votants>49 083</votants>
	</film>
	<film>
		<titre>Voyage au bout de l'enfer</titre>
		<annee>1978</annee>
		<note>8,2</note>
		<votants>141 661</votants>
	</film>
	<film>
		<titre>Luke la main froide</titre>
		<annee>1967</annee>
		<note>8,2</note>
		<votants>73 826</votants>
	</film>
	<film>
		<titre>Avengers</titre>
		<annee>2012</annee>
		<note>8,2</note>
		<votants>451 008</votants>
	</film>
	<film>
		<titre>La ruée vers l'or</titre>
		<annee>1925</annee>
		<note>8,2</note>
		<votants>35 717</votants>
	</film>
	<film>
		<titre>Sin City</titre>
		<annee>2005</annee>
		<note>8,2</note>
		<votants>405 651</votants>
	</film>
	<film>
		<titre>L'inconnu du Nord-Express</titre>
		<annee>1951</annee>
		<note>8,2</note>
		<votants>55 342</votants>
	</film>
	<film>
		<titre>No country for old men - Non, ce pays n'est pas pour le vieil homme</titre>
		<annee>2007</annee>
		<note>8,1</note>
		<votants>343 370</votants>
	</film>
	<film>
		<titre>New York - Miami</titre>
		<annee>1934</annee>
		<note>8,1</note>
		<votants>37 877</votants>
	</film>
	<film>
		<titre>Arnaques, crimes et botanique</titre>
		<annee>1998</annee>
		<note>8,1</note>
		<votants>237 099</votants>
	</film>
	<film>
		<titre>Les dents de la mer</titre>
		<annee>1975</annee>
		<note>8,1</note>
		<votants>229 566</votants>
	</film>
	<film>
		<titre>Sixième sens</titre>
		<annee>1999</annee>
		<note>8,1</note>
		<votants>410 124</votants>
	</film>
	<film>
		<titre>Platoon</titre>
		<annee>1986</annee>
		<note>8,1</note>
		<votants>176 679</votants>
	</film>
	<film>
		<titre>The Thing</titre>
		<annee>1982</annee>
		<note>8,1</note>
		<votants>151 520</votants>
	</film>
	<film>
		<titre>Hôtel Rwanda</titre>
		<annee>2004</annee>
		<note>8,1</note>
		<votants>156 527</votants>
	</film>
	<film>
		<titre>Casino</titre>
		<annee>1995</annee>
		<note>8,1</note>
		<votants>186 824</votants>
	</film>
	<film>
		<titre>Le train sifflera 3 fois</titre>
		<annee>1952</annee>
		<note>8,1</note>
		<votants>50 023</votants>
	</film>
	<film>
		<titre>Butch Cassidy et le Kid</titre>
		<annee>1969</annee>
		<note>8,1</note>
		<votants>89 869</votants>
	</film>
	<film>
		<titre>Trainspotting</titre>
		<annee>1996</annee>
		<note>8,1</note>
		<votants>264 217</votants>
	</film>
	<film>
		<titre>Le magicien d'Oz</titre>
		<annee>1939</annee>
		<note>8,1</note>
		<votants>164 532</votants>
	</film>
	<film>
		<titre>Kill Bill: volume 1</titre>
		<annee>2003</annee>
		<note>8,1</note>
		<votants>406 139</votants>
	</film>
	<film>
		<titre>Le Hobbit: Un voyage inattendu</titre>
		<annee>2012</annee>
		<note>8,1</note>
		<votants>216 763</votants>
	</film>
	<film>
		<titre>Warrior</titre>
		<annee>2011</annee>
		<note>8,1</note>
		<votants>150 949</votants>
	</film>
	<film>
		<titre>Annie Hall</titre>
		<annee>1977</annee>
		<note>8,1</note>
		<votants>109 264</votants>
	</film>
	<film>
		<titre>Will Hunting</titre>
		<annee>1997</annee>
		<note>8,1</note>
		<votants>298 629</votants>
	</film>
	<film>
		<titre>Dans ses yeux</titre>
		<annee>2009</annee>
		<note>8,1</note>
		<votants>60 903</votants>
	</film>
	<film>
		<titre>Les enchaînés</titre>
		<annee>1946</annee>
		<note>8,1</note>
		<votants>46 066</votants>
	</film>
	<film>
		<titre>Autant en emporte le vent</titre>
		<annee>1939</annee>
		<note>8,1</note>
		<votants>129 512</votants>
	</film>
	<film>
		<titre>Les Raisins de la colère</titre>
		<annee>1940</annee>
		<note>8,1</note>
		<votants>36 602</votants>
	</film>
	<film>
		<titre>Into the Wild</titre>
		<annee>2007</annee>
		<note>8,1</note>
		<votants>217 285</votants>
	</film>
	<film>
		<titre>Le discours d'un roi</titre>
		<annee>2010</annee>
		<note>8,1</note>
		<votants>234 782</votants>
	</film>
	<film>
		<titre>La vie de Brian</titre>
		<annee>1979</annee>
		<note>8,1</note>
		<votants>159 052</votants>
	</film>
	<film>
		<titre>V pour vendetta</titre>
		<annee>2005</annee>
		<note>8,1</note>
		<votants>431 205</votants>
	</film>
	<film>
		<titre>Mon voisin Totoro</titre>
		<annee>1988</annee>
		<note>8,1</note>
		<votants>71 051</votants>
	</film>
	<film>
		<titre>Le monde de Nemo</titre>
		<annee>2003</annee>
		<note>8,1</note>
		<votants>339 464</votants>
	</film>
	<film>
		<titre>Dragons</titre>
		<annee>2010</annee>
		<note>8,1</note>
		<votants>197 283</votants>
	</film>
	<film>
		<titre>Le crime était presque parfait</titre>
		<annee>1954</annee>
		<note>8,1</note>
		<votants>55 181</votants>
	</film>
	<film>
		<titre>Le grand sommeil</titre>
		<annee>1946</annee>
		<note>8,1</note>
		<votants>41 671</votants>
	</film>
	<film>
		<titre>Network, main basse sur la T.V.</titre>
		<annee>1976</annee>
		<note>8,1</note>
		<votants>60 152</votants>
	</film>
	<film>
		<titre>Terminator</titre>
		<annee>1984</annee>
		<note>8,1</note>
		<votants>324 662</votants>
	</film>
	<film>
		<titre>Ben-Hur</titre>
		<annee>1959</annee>
		<note>8,1</note>
		<votants>92 717</votants>
	</film>
	<film>
		<titre>There Will Be Blood</titre>
		<annee>2007</annee>
		<note>8,1</note>
		<votants>217 473</votants>
	</film>
	<film>
		<titre>Million Dollar Baby</titre>
		<annee>2004</annee>
		<note>8,1</note>
		<votants>259 107</votants>
	</film>
	<film>
		<titre>La nuit du chasseur</titre>
		<annee>1955</annee>
		<note>8,1</note>
		<votants>39 094</votants>
	</film>
	<film>
		<titre>Stand by me - Compte sur moi</titre>
		<annee>1986</annee>
		<note>8,1</note>
		<votants>155 149</votants>
	</film>
	<film>
		<titre>Donnie Darko</titre>
		<annee>2001</annee>
		<note>8,1</note>
		<votants>349 033</votants>
	</film>
	<film>
		<titre>Un jour sans fin</titre>
		<annee>1993</annee>
		<note>8,1</note>
		<votants>243 496</votants>
	</film>
	<film>
		<titre>Black Swan</titre>
		<annee>2010</annee>
		<note>8,1</note>
		<votants>311 741</votants>
	</film>
	<film>
		<titre>Un après-midi de chien</titre>
		<annee>1975</annee>
		<note>8,1</note>
		<votants>108 300</votants>
	</film>
	<film>
		<titre>L'armée des 12 singes</titre>
		<annee>1995</annee>
		<note>8,1</note>
		<votants>274 815</votants>
	</film>
	<film>
		<titre>L'odyssée de Pi</titre>
		<annee>2012</annee>
		<note>8,1</note>
		<votants>94 337</votants>
	</film>
	<film>
		<titre>Amours chiennes</titre>
		<annee>2000</annee>
		<note>8,1</note>
		<votants>105 359</votants>
	</film>
	<film>
		<titre>La vengeance dans la peau</titre>
		<annee>2007</annee>
		<note>8,1</note>
		<votants>278 016</votants>
	</film>
	<film>
		<titre>Mary et Max.</titre>
		<annee>2009</annee>
		<note>8,1</note>
		<votants>54 586</votants>
	</film>
	<film>
		<titre>Les quatre cents coups</titre>
		<annee>1959</annee>
		<note>8,1</note>
		<votants>39 579</votants>
	</film>
	<film>
		<titre>Persona</titre>
		<annee>1966</annee>
		<note>8,1</note>
		<votants>30 692</votants>
	</film>
	<film>
		<titre>Gandhi</titre>
		<annee>1982</annee>
		<note>8,1</note>
		<votants>92 648</votants>
	</film>
	<film>
		<titre>Le lauréat</titre>
		<annee>1967</annee>
		<note>8,1</note>
		<votants>129 497</votants>
	</film>
	<film>
		<titre>Le château ambulant</titre>
		<annee>2004</annee>
		<note>8,1</note>
		<votants>100 178</votants>
	</film>
	<film>
		<titre>L'ultime razzia</titre>
		<annee>1956</annee>
		<note>8,1</note>
		<votants>38 836</votants>
	</film>
	<film>
		<titre>Princess Bride</titre>
		<annee>1987</annee>
		<note>8,0</note>
		<votants>182 163</votants>
	</film>
	<film>
		<titre>Huit et demi</titre>
		<annee>1963</annee>
		<note>8,0</note>
		<votants>47 618</votants>
	</film>
	<film>
		<titre>Slumdog Millionaire</titre>
		<annee>2008</annee>
		<note>8,0</note>
		<votants>360 356</votants>
	</film>
	<film>
		<titre>Un homme d'exception</titre>
		<annee>2001</annee>
		<note>8,0</note>
		<votants>283 943</votants>
	</film>
	<film>
		<titre>L'arnaqueur</titre>
		<annee>1961</annee>
		<note>8,0</note>
		<votants>38 171</votants>
	</film>
	<film>
		<titre>The Artist</titre>
		<annee>2011/I</annee>
		<note>8,0</note>
		<votants>106 313</votants>
	</film>
	<film>
		<titre>Qui a peur de Virginia Woolf?</titre>
		<annee>1966</annee>
		<note>8,0</note>
		<votants>32 800</votants>
	</film>
	<film>
		<titre>La strada</titre>
		<annee>1954</annee>
		<note>8,0</note>
		<votants>28 091</votants>
	</film>
	<film>
		<titre>Un crime dans la tête</titre>
		<annee>1962</annee>
		<note>8,0</note>
		<votants>48 102</votants>
	</film>
	<film>
		<titre>Rocky</titre>
		<annee>1976</annee>
		<note>8,0</note>
		<votants>187 021</votants>
	</film>
	<film>
		<titre>Autopsie d'un meurtre</titre>
		<annee>1959</annee>
		<note>8,0</note>
		<votants>27 240</votants>
	</film>
	<film>
		<titre>La horde sauvage</titre>
		<annee>1969</annee>
		<note>8,0</note>
		<votants>45 239</votants>
	</film>
	<film>
		<titre>L'exorciste</titre>
		<annee>1973</annee>
		<note>8,0</note>
		<votants>184 194</votants>
	</film>
	<film>
		<titre>Stalag 17</titre>
		<annee>1953</annee>
		<note>8,0</note>
		<votants>29 464</votants>
	</film>
	<film>
		<titre>La corde</titre>
		<annee>1948</annee>
		<note>8,0</note>
		<votants>55 646</votants>
	</film>
	<film>
		<titre>Le limier</titre>
		<annee>1972</annee>
		<note>8,0</note>
		<votants>26 236</votants>
	</film>
	<film>
		<titre>L'homme qui tua Liberty Valance</titre>
		<annee>1962</annee>
		<note>8,0</note>
		<votants>34 518</votants>
	</film>
	<film>
		<titre>Barry Lyndon</titre>
		<annee>1975</annee>
		<note>8,0</note>
		<votants>60 739</votants>
	</film>
	<film>
		<titre>Salinui chueok</titre>
		<annee>2003</annee>
		<note>8,0</note>
		<votants>25 785</votants>
	</film>
	<film>
		<titre>Infernal Affairs</titre>
		<annee>2002</annee>
		<note>8,0</note>
		<votants>55 650</votants>
	</film>
	<film>
		<titre>District 9</titre>
		<annee>2009</annee>
		<note>8,0</note>
		<votants>322 431</votants>
	</film>
	<film>
		<titre>Le monde de Charlie</titre>
		<annee>2012</annee>
		<note>8,0</note>
		<votants>55 606</votants>
	</film>
	<film>
		<titre>Stalker</titre>
		<annee>1979</annee>
		<note>8,0</note>
		<votants>37 334</votants>
	</film>
	<film>
		<titre>Vacances romaines</titre>
		<annee>1953</annee>
		<note>8,0</note>
		<votants>53 851</votants>
	</film>
	<film>
		<titre>The Truman Show</titre>
		<annee>1998</annee>
		<note>8,0</note>
		<votants>329 941</votants>
	</film>
	<film>
		<titre>Pirates des Caraïbes, la malédiction du Black Pearl</titre>
		<annee>2003</annee>
		<note>8,0</note>
		<votants>442 867</votants>
	</film>
	<film>
		<titre>Au nom du père</titre>
		<annee>1993</annee>
		<note>8,0</note>
		<votants>51 844</votants>
	</film>
	<film>
		<titre>Le scaphandre et le papillon</titre>
		<annee>2007</annee>
		<note>8,0</note>
		<votants>59 273</votants>
	</film>
	<film>
		<titre>Yip Man</titre>
		<annee>2008</annee>
		<note>8,0</note>
		<votants>66 823</votants>
	</film>
	<film>
		<titre>Monstres et Cie</titre>
		<annee>2001</annee>
		<note>8,0</note>
		<votants>266 603</votants>
	</film>
	<film>
		<titre>Pour une poignée de dollars</titre>
		<annee>1964</annee>
		<note>8,0</note>
		<votants>68 428</votants>
	</film>
	<film>
		<titre>Ratatouille</titre>
		<annee>2007</annee>
		<note>8,0</note>
		<votants>264 409</votants>
	</film>
	<film>
		<titre>Harry Potter et les reliques de la mort - 2ème partie</titre>
		<annee>2011</annee>
		<note>8,0</note>
		<votants>245 791</votants>
	</film>
	<film>
		<titre>Un tramway nommé désir</titre>
		<annee>1951</annee>
		<note>8,0</note>
		<votants>53 033</votants>
	</film>
	<film>
		<titre>Star Trek</titre>
		<annee>2009</annee>
		<note>8,0</note>
		<votants>281 661</votants>
	</film>
	<film>
		<titre>La belle et la bête</titre>
		<annee>1991</annee>
		<note>8,0</note>
		<votants>157 340</votants>
	</film>
	<film>
		<titre>Rosemary's Baby</titre>
		<annee>1968</annee>
		<note>8,0</note>
		<votants>89 046</votants>
	</film>
	<film>
		<titre>Taare Zameen Par</titre>
		<annee>2007</annee>
		<note>8,0</note>
		<votants>25 758</votants>
	</film>
	<film>
		<titre>Harvey</titre>
		<annee>1950</annee>
		<note>8,0</note>
		<votants>32 858</votants>
	</film>
	<film>
		<titre>La haine</titre>
		<annee>1995</annee>
		<note>8,0</note>
		<votants>52 760</votants>
	</film>
	<film>
		<titre>Nausicaä de la vallée du vent</titre>
		<annee>1984</annee>
		<note>8,0</note>
		<votants>44 053</votants>
	</film>
	<film>
		<titre>À l'ouest rien de nouveau</titre>
		<annee>1930</annee>
		<note>8,0</note>
		<votants>33 429</votants>
	</film>
	<film>
		<titre>Shutter Island</titre>
		<annee>2010</annee>
		<note>8,0</note>
		<votants>354 432</votants>
	</film>
	<film>
		<titre>Rain Man</titre>
		<annee>1988</annee>
		<note>8,0</note>
		<votants>224 196</votants>
	</film>
	<film>
		<titre>Argo</titre>
		<annee>2012</annee>
		<note>8,0</note>
		<votants>89 993</votants>
	</film>
	<film>
		<titre>Incendies</titre>
		<annee>2010</annee>
		<note>8,0</note>
		<votants>26 901</votants>
	</film>
	<film>
		<titre>The Wrestler</titre>
		<annee>2008</annee>
		<note>8,0</note>
		<votants>181 906</votants>
	</film>
	<film>
		<titre>Mystic River</titre>
		<annee>2003</annee>
		<note>8,0</note>
		<votants>218 422</votants>
	</film>
	<film>
		<titre>Manhattan</titre>
		<annee>1979</annee>
		<note>8,0</note>
		<votants>66 383</votants>
	</film>
	<film>
		<titre>Nosferatu le vampire</titre>
		<annee>1922</annee>
		<note>8,0</note>
		<votants>46 418</votants>
	</film>
	<film>
		<titre>Printemps, été, automne, hiver... et printemps</titre>
		<annee>2003</annee>
		<note>8,0</note>
		<votants>35 572</votants>
	</film>
	<film>
		<titre>Jurassic Park</titre>
		<annee>1993</annee>
		<note>8,0</note>
		<votants>279 086</votants>
	</film>
	<film>
		<titre>Papillon</titre>
		<annee>1973</annee>
		<note>8,0</note>
		<votants>50 978</votants>
	</film>
	<film>
		<titre>3 Idiots</titre>
		<annee>2009</annee>
		<note>8,0</note>
		<votants>57 726</votants>
	</film>
	<film>
		<titre>Big Fish</titre>
		<annee>2003</annee>
		<note>8,0</note>
		<votants>245 409</votants>
	</film>
	<film>
		<titre>Les incorruptibles</titre>
		<annee>1987</annee>
		<note>8,0</note>
		<votants>141 147</votants>
	</film>
	<film>
		<titre>Le château dans le ciel</titre>
		<annee>1986</annee>
		<note>8,0</note>
		<votants>45 650</votants>
	</film>
	<film>
		<titre>Arsenic et vieilles dentelles</titre>
		<annee>1944</annee>
		<note>8,0</note>
		<votants>40 516</votants>
	</film>
	<film>
		<titre>La couleur des sentiments</titre>
		<annee>2011</annee>
		<note>8,0</note>
		<votants>137 107</votants>
	</film>
</imdb250>
