<?xml version="1.0" encoding="UTF-8"?>
<auteurs>
	<auteur nom="Paul Nizan" x="3"/>
	<auteur nom="Pierre Bourdieu" x="1"/>
	<auteur nom="Raymond Aron" x="1"/>
	<auteur nom="Jean Baudrillard" x="1"/>
	<auteur nom="Ludwig van Beethoven" x="0"/>
	<auteur nom="Honoré de Balzac" x="1"/>
	<auteur nom="Léon Tolstoï" x="1"/>
	<auteur nom="Jean Paulhan" x="1"/>
	<auteur nom="Hannah Arendt" x="0"/>
	<auteur nom="Talleyrand" x="3"/>
	<auteur nom="Christian Bobin" x="3"/>
	<auteur nom="Miguel de Cervantès" x="1"/>
	<auteur nom="Cioran" x="2"/>
	<auteur nom="Henri Michaud" x="3"/>
	<auteur nom="Henri Bergson" x="3"/>
	<auteur nom="François René de Chateaubriand" x="6"/>
	<auteur nom="Gaston Bachelard" x="3"/>
	<auteur nom="Anatole France" x="2"/>
	<auteur nom="Albert Guinon" x="2"/>
	<auteur nom="Amélie Nothomb" x="2"/>
	<auteur nom="Henri Lacordaire" x="2"/>
	<auteur nom="Marcel Achard" x="4"/>
	<auteur nom="Madame de Sévigné" x="3"/>
	<auteur nom="Alexis de Tocqueville" x="1"/>
	<auteur nom="Léon Bloy" x="1"/>
	<auteur nom="Léon Gambetta" x="1"/>
	<auteur nom="Jacques Prévert" x="2"/>
	<auteur nom="Guy de Maupassant" x="1"/>
	<auteur nom="Voltaire" x="7"/>
	<auteur nom="Louis Aragon" x="1"/>
	<auteur nom="Frédéric Dard" x="1"/>
	<auteur nom="Georges Clemenceau" x="5"/>
	<auteur nom="Tristan Bernard" x="1"/>
	<auteur nom="Alphonse de Lamartine" x="1"/>
	<auteur nom="Raymond Queneau" x="1"/>
	<auteur nom="Pierre-Augustin Caron Beaumarchais" x="3"/>
	<auteur nom="Alfred Capus" x="3"/>
	<auteur nom="Herbert Hoover" x="1"/>
	<auteur nom="Pierre Waldeck-Rousseau" x="1"/>
	<auteur nom="Edgar Allan Poe" x="1"/>
	<auteur nom="Mark Twain" x="3"/>
	<auteur nom="John Fitzgerald Kennedy" x="3"/>
	<auteur nom="Ronald Reagan" x="1"/>
	<auteur nom="Léonard de Vinci" x="1"/>
	<auteur nom="Alexandre Dumas" x="3"/>
	<auteur nom="Patrick Modiano" x="3"/>
	<auteur nom="Jean de La Bruyère" x="1"/>
	<auteur nom="Sören Kierkegaard" x="2"/>
	<auteur nom="Marcel Duchamp" x="2"/>
	<auteur nom="John Maynard Keynes" x="3"/>
	<auteur nom="Françoise Sagan" x="4"/>
	<auteur nom="Octavio Paz" x="1"/>
	<auteur nom="Johann Wolfgang von Goethe" x="6"/>
	<auteur nom="Jules Barbey d Aurevilly" x="0"/>
	<auteur nom="Blaise Pascal" x="1"/>
	<auteur nom="Victor Hugo" x="2"/>
	<auteur nom="Roland Barthes" x="1"/>
	<auteur nom="William Shakespeare" x="8"/>
	<auteur nom="Henry de Montherlant" x="9"/>
	<auteur nom="Jean Giono" x="3"/>
	<auteur nom="Jorge Luis Borges" x="1"/>
	<auteur nom="Arthur Schopenhauer" x="4"/>
	<auteur nom="Emil Michel Cioran" x="3"/>
	<auteur nom="Paul Valéry" x="5"/>
	<auteur nom="Charles Péguy" x="4"/>
	<auteur nom="Alexandre Pouchkine" x="1"/>
	<auteur nom="Anton Tchekhov" x="2"/>
	<auteur nom="Francis Bacon" x="6"/>
	<auteur nom="Montaigne" x="3"/>
	<auteur nom="René Char" x="3"/>
	<auteur nom="Jean Jaurès" x="2"/>
	<auteur nom="Pierre Carlet de Chamblain de Marivaux" x="1"/>
	<auteur nom="Henri Poincaré" x="1"/>
	<auteur nom="Confucius" x="2"/>
	<auteur nom="Winston Churchill" x="1"/>
	<auteur nom="Georg Christoph Lichtenberg" x="1"/>
	<auteur nom="Ernst Jünger" x="1"/>
	<auteur nom="Emile Zola" x="1"/>
	<auteur nom="Henri Jeanson" x="1"/>
	<auteur nom="Jules Michelet" x="1"/>
	<auteur nom="Gustave Flaubert" x="1"/>
	<auteur nom="Boris Vian" x="1"/>
	<auteur nom="Marcel Proust" x="1"/>
	<auteur nom="Oscar Wilde" x="3"/>
	<auteur nom="Jacques Lacan" x="1"/>
	<auteur nom="Léon-Paul Fargue" x="1"/>
	<auteur nom="Novalis" x="1"/>
	<auteur nom="Pierre de Coubertin" x="2"/>
	<auteur nom="Paul Claudel" x="2"/>
	<auteur nom="Jean Rostand" x="3"/>
	<auteur nom="Sénèque" x="7"/>
	<auteur nom="Joseph Joubert" x="7"/>
	<auteur nom="Denis Diderot" x="3"/>
	<auteur nom="Jean Cocteau" x="6"/>
	<auteur nom="Nicolas Machiavel" x="1"/>
	<auteur nom="Friedrich Nietzsche" x="1"/>
	<auteur nom="André Gide" x="6"/>
	<auteur nom="François de La Rochefoucauld" x="4"/>
	<auteur nom="Charles-Augustin Sainte-Beuve" x="3"/>
	<auteur nom="Saint Augustin" x="1"/>
	<auteur nom="Aristote" x="5"/>
	<auteur nom="Alfred Knopf" x="1"/>
	<auteur nom="Thucydide" x="5"/>
	<auteur nom="Louis Guilloux" x="3"/>
	<auteur nom="Warren Buffett" x="4"/>
</auteurs>
