<?xml version="1.0" encoding="UTF-8"?><recettes>	<recette>		<nom>Tiramisu</nom>		<portion>6/8</portion>		<preparation value="35" unit="min"/>		<cuisson value="0" unit="min"/>		<repos value="12" unit="h"/>		<ingredients>			<i>				<nom id="ing1">oeufs</nom>				<nbre>5</nbre>			</i>			<i>				<nom id="ing2">sucre en poudre</nom>				<poids unit="gramme">100</poids>			</i>			<i>				<nom id="ing3">mascarpone</nom>				<poids unit="gramme">500</poids>			</i>			<i>				<nom id="ing4">cafe soluble</nom>				<poids unit="gramme">25</poids>			</i>			<i>				<nom id="ing5">biscuits à la cuillère</nom>				<nbre>42</nbre>			</i>			<i>				<nom id="ing6">cacao non sucré</nom>				<poids unit="gramme">10</poids>			</i>		</ingredients>		<guide>			<block>Commencez par séparer les 5 jaunes d'<renvoi ref="ing1">oeufs</renvoi> de leur blanc dans deux grands saladiers   et montez les 5 blancs d'<renvoi ref="ing1">oeufs</renvoi> en neige   très fermes.</block>			<block>Battez les 5 jaunes avec le <renvoi ref="ing2">sucre</renvoi>   jusqu'à l'obtention d'un mélange mousseux, puis ajoutez-y le   <renvoi ref="ing3">mascarpone</renvoi>.</block>			<block>Incorporez à présent les blancs d'oeufs dans le mélange.</block>			<block>Préparez un café bien fort avec du <renvoi ref="ing4">café   soluble</renvoi> et trempez-y les <renvoi ref="ing5">biscuits</renvoi>      au fur et à mesure de leur installation dans le plat. <strong>Attention    les biscuits absorbent très vite le café.</strong>			</block>			<block>Commencez par disposer une couche de biscuits imbibés au fond du   moule, puis versez une couche de mélange et ainsi de suite.</block>			<block>Saupoudrez le cacao sur le tiramisu en utilisant une petite   passoire. Il sera ainsi plus facile de le parsemer   uniformément.</block>			<block>Il ne vous reste plus qu'à le placer au réfrigérateur durant   <repos value="12" unit="h"/> heures.</block>		</guide>	</recette>	<recette>		<nom>Oeufs à la coque</nom>		<portion>4</portion>		<preparation value="1" unit="min"/>		<cuisson value="3" unit="min"/>		<ingredients>			<i>				<nom id="ing1">oeufs</nom>				<nbre>4</nbre>			</i>		</ingredients>		<guide>Plongez délicatement les <renvoi ref="ing1">oeufs</renvoi> dans de l'eau portée à ébullition. Faîtes reprendre l'ébullition, puis baissez le feu et laissez cuire à petits bouillons pendant <cuisson value="3" unit="min"/> minutes. Égouttez les <renvoi ref="ing1">oeufs</renvoi>, posez-les dans des coquetiers et coupez hortizontalement la partie supérieure pour les déguster.  </guide>	</recette></recettes>