<?xml version="1.0" encoding="UTF-8"?>
<!DOCTYPE recette SYSTEM "exercice2.dtd">
<recette>
	<nomRecette>Tiramisu</nomRecette>
	<portion>6/8</portion>
	<preparation value="35" unit="min"/>
	<cuisson value="0" unit="min"/>
	<repos value="12" unit="h"/>
	<ingredients>
		<i>
			<nomIngr id="ing1">oeufs</nomIngr>
			<nbre>5</nbre>
		</i>
		<i>
			<nomIngr id="ing2">sucre en poudre</nomIngr>
			<poids unit="gramme">100</poids>
		</i>
		<i>
			<nomIngr id="ing3">mascarpone</nomIngr>
			<poids unit="gramme">500</poids>
		</i>
		<i>
			<nomIngr id="ing4">cafe soluble</nomIngr>
			<poids unit="gramme">25</poids>
		</i>
		<i>
			<nomIngr id="ing5">biscuits à la cuillère</nomIngr>
			<nbre>42</nbre>
		</i>
		<i>
			<nomIngr id="ing6">cacao non sucré</nomIngr>
			<poids unit="gramme">10</poids>
		</i>
	</ingredients>
	<guide>
		<block>Commencez par séparer les 5 jaunes d'<renvoi ref="ing1">oeufs</renvoi> de leur blanc dans deux grands saladiers
et montez les 5 blancs d'<renvoi ref="ing1">oeufs</renvoi> en neige
très fermes.</block>
		<block>Battez les 5 jaunes avec le <renvoi ref="ing2">sucre</renvoi>
jusqu'à l'obtention d'un mélange mousseux, puis ajoutez-y le
<renvoi ref="ing3">mascarpone</renvoi>.</block>
		<block>Incorporez à présent les blancs d'oeufs dans le mélange.</block>
		<block>Préparez un café bien fort avec du <renvoi ref="ing4">café
soluble</renvoi> et trempez-y les <renvoi ref="ing5">biscuits</renvoi>   
au fur et à mesure de leur installation dans le plat. <strong>Attention 
les biscuits absorbent très vite le café.</strong>
		</block>
		<block>Commencez par disposer une couche de biscuits imbibés au fond du
moule, puis versez une couche de mélange et ainsi de suite.</block>
		<block>Saupoudrez le cacao sur le tiramisu en utilisant une petite
passoire. Il sera ainsi plus facile de le parsemer
uniformément.</block>
		<block>Il ne vous reste plus qu'à le placer au réfrigérateur durant
<repos value="12" unit="h"/> heures.</block>
	</guide>
</recette>
