<?xml version="1.0" encoding="UTF-8"?>
<!DOCTYPE recette SYSTEM "recettes.dtd" >
<recette>
	<nomRecette>Tiramisu</nomRecette>
	<portion>6/8</portion>
	<preparation value="35" unit="min" />
	<cuisson value="0" unit="min" />
	<repos value="12" unit="h" />
	<ingredients>
		<i>
			<nomIngredient id="ing1">oeufs</nomIngredient>
			<nbre>5</nbre>
		</i>
		<i>
			<nomIngredient id="ing2">sucre en poudre</nomIngredient>
			<poids unit="gramme">100</poids>
		</i>
		<i>
			<nomIngredient id="ing3">mascarpone</nomIngredient>
			<poids unit="gramme">500</poids>
		</i>
		<i>
			<nomIngredient id="ing4">cafe soluble</nomIngredient>
			<poids unit="gramme">25</poids>
		</i>
		<i>
			<nomIngredient id="ing5">biscuits `a la cuill`ere</nomIngredient>
			<nbre>42</nbre>
		</i>
		<i>
			<nomIngredient id="ing6">cacao non sucr´e</nomIngredient>
			<poids unit="gramme">10</poids>
		</i>
	</ingredients>
	<guide>
		<block>
			Commencez par s´eparer les 5 jaunes d’
			<renvoi ref="ing1">oeufs</renvoi>
			de leur blanc dans deux grands saladiers
			et montez les 5 blancs d’
			<renvoi ref="ing1">oeufs</renvoi>
			en neige
			tr`es fermes.
		</block>
		<block>
			Battez les 5 jaunes avec le
			<renvoi ref="ing2">sucre</renvoi>
			jusqu’`a l’obtention d’un m´elange mousseux, puis ajoutez-y le
			<renvoi ref="ing3">mascarpone</renvoi>
			.
		</block>
		<block>Incorporez `a pr´esent les blancs d’oeufs dans le m´elange.</block>
		<block>
			Pr´eparez un caf´e bien fort avec du
			<renvoi ref="ing4">caf´e
				soluble</renvoi>
			et trempez-y les
			<renvoi ref="ing5">biscuits</renvoi>
			au fur et `a mesure de leur installation dans le plat.
			<strong>Attention
				les biscuits absorbent tr`es vite le caf´e.</strong>
		</block>
		<block>Commencez par disposer une couche de biscuits imbib´es au fond
			du
			moule, puis versez une couche de m´elange et ainsi de suite.</block>
		<block>Saupoudrez le cacao sur le tiramisu en utilisant une petite
			passoire. Il sera ainsi plus facile de le parsemer
			uniform´ement.</block>
		<block>
			Il ne vous reste plus qu’`a le placer au r´efrig´erateur durant
			<repos value="12" unit="h" />
			heures.
		</block>
	</guide>
</recette>