<?xml version="1.0" encoding="UTF-8"?>
<!DOCTYPE recette SYSTEM "recette.dtd">
<recette>
	<nomRecette>Oeufs à la coque</nomRecette>
	<portion>4</portion>
	<preparation value="1" unit="min" />
	<cuisson value="3" unit="min" />
	<ingredients>
		<i>
			<nomIngredient id="ing1">oeufs</nomIngredient>
			<nbre>4</nbre>
		</i>
	</ingredients>
	<guide>
		Plongez délicatement les
		<renvoi ref="ing1">oeufs</renvoi>
		dans de l’eau portée `a ´ebullition. Fa^ıtes reprendre l’´ebullition,
		puis baissez le feu et laissez cuire `a petits bouillons pendant
		<cuisson value="3" unit="min" />
		minutes. ´Egouttez les
		<renvoi ref="ing1">oeufs</renvoi>
		, posez-les dans des coquetiers et coupez hortizontalement la partie
		sup´erieure pour les d´eguster.
	</guide>
</recette>