<?xml version="1.0" encoding="UTF-8"?>
<citations>
	<citation>
		<auteur>Voltaire</auteur>
		<motcle>gouvernement</motcle>
		<motcle>or</motcle>
		<theme>politique</theme>
		<texte>Les Incas avaient des palais incrustés d'or et couverts de paille : emblème de bien des gouvernements.</texte>
	</citation>
	<citation>
		<auteur>Epicure</auteur>
		<motcle>content</motcle>
		<texte>L'homme qui ne se contente pas de peu ne sera jamais content de rien.</texte>
	</citation>
	<citation>
		<auteur>Jean-Jacques Rousseau</auteur>
		<motcle>content</motcle>
		<texte>Prévenir toujours les désirs n'est pas l'art de les contenter, mais de les éteindre.</texte>
		<ouvrage>La nouvelle Héloïse</ouvrage>
	</citation>
	<citation>
		<auteur>Oscar Wilde</auteur>
		<motcle>content</motcle>
		<texte>J'ai les goûts les plus simples du monde, je me contente du meilleur.</texte>
	</citation>
	<citation>
		<auteur>Oscar Wilde</auteur>
		<motcle>content</motcle>
		<motcle>vivre</motcle>
		<texte>Vivre est la chose la plus rare. La plupart des gens se contente d'exister.</texte>
	</citation>
	<citation>
		<auteur>Victor Hugo</auteur>
		<theme>société</theme>
		<motcle>content</motcle>
		<texte>L’homme est forcé de faire ; la femme peut se contenter d’être.</texte>
	</citation>
	<citation>
		<auteur>Mark Twain</auteur>
		<motcle>modération</motcle>
		<texte>Consommée avec modération, l'eau ne peut pas faire de mal.</texte>
	</citation>
	<citation>
		<auteur>Démocrite</auteur>
		<motcle>modération</motcle>
		<motcle>âme</motcle>
		<texte>La tranquillité de l'âme provient de la modération dans le plaisir.</texte>
	</citation>
	<citation>
		<auteur>Léon Gambetta</auteur>
		<theme>politique</theme>
		<motcle>modération</motcle>
		<texte>Pour gouverner les Français, il faut des paroles violentes et des actes modérés.</texte>
	</citation>
	<citation>
		<auteur>Saint Paul</auteur>
		<motcle>modération</motcle>
		<motcle>sagesse</motcle>
		<texte> Il ne faut pas être sage plus qu’il ne faut, mais l’être avec modération.</texte>
	</citation>
	<citation>
		<auteur>Georges Elgozy</auteur>
		<theme>société</theme>
		<motcle>tempérance</motcle>
		<texte>La tempérance est l’art de renoncer aux plaisirs qu’on n’éprouve plus.</texte>
	</citation>
	<citation>
		<origine>Proverbe chinois</origine>
		<motcle>tempérance</motcle>
		<texte>Le vice empoisonne le plaisir, la passion le corrompt, la tempérance l'aiguise, l'innocence le purifie, la tendresse le double.</texte>
	</citation>
	<citation>
		<auteur>Léon Bloy</auteur>
		<theme>société</theme>
		<texte>On devrait fonder une chaire pour l'enseignement de la lecture entre les lignes.</texte>
		<ouvrage>Exégèse des lieux communs</ouvrage>
	</citation>
	<citation>
		<auteur>Jacques Prévert</auteur>
		<theme>société</theme>
		<motcle>idée</motcle>
		<texte>La meilleure façon de ne pas avancer est de suivre une idée fixe.</texte>
	</citation>
	<citation>
		<auteur>Alexis de Tocqueville</auteur>
		<texte>En politique, la communauté des haines fait presque toujours le fond des amitiés.</texte>
		<ouvrage>Souvenirs</ouvrage>
	</citation>
	<citation>
		<auteur>Paul Morand</auteur>
		<texte>La vieillesse vit sous le signe moins : on est de moins en moins intelligent, de moins en moins bête.
</texte>
	</citation>
	<citation>
		<auteur>Voltaire</auteur>
		<motcle>vérité</motcle>
		<texte>Le doute est un hommage que l'on rend à la vérité.</texte>
	</citation>
	<citation>
		<auteur>Ernest Renan</auteur>
		<texte>L'essence d'une nation est que tous les individus aient beaucoup de choses en commun, et que tous aient oublié bien des choses.</texte>
		<ouvrage>Qu'est-ce qu'une nation</ouvrage>
	</citation>
	<citation>
		<auteur>Madame de Sévigné</auteur>
		<theme>société</theme>
		<texte>Les femmes ont permission d’être faibles, et elles se servent sans scrupule de ce privilège.
</texte>
	</citation>
	<citation>
		<auteur>Madame de Sévigné</auteur>
		<texte>Gare à la flatterie, ma fille : trop de sucre gâte les dents.</texte>
		<ouvrage>Lettres</ouvrage>
	</citation>
	<citation>
		<auteur>Madame de Sévigné</auteur>
		<motcle>coeur</motcle>
		<texte>Le coeur n'a pas de rides.</texte>
		<ouvrage>Lettres</ouvrage>
	</citation>
	<citation>
		<auteur>Georges Clemenceau</auteur><motcle>Guerre</motcle>
		<theme>politique</theme>
		<texte>On ne ment jamais tant qu'avant les élections, pendant la guerre et après la chasse.
</texte>
	</citation>
	<citation>
		<auteur>Georges Clemenceau</auteur>
		<theme>société</theme>
		<texte>Les fonctionnaires sont les meilleurs maris : quand ils rentrent le soir à la maison, ils ne sont pas fatigués et ont déjà lu le journal.
</texte>
	</citation>
	<citation>
		<auteur>Georges Clemenceau</auteur>
		<texte>Les femmes vivent plus longtemps que les hommes, surtout quand elles sont veuves.</texte>
	</citation>
	<citation>
		<auteur>Georges Clemenceau</auteur>
		<texte>Pour prendre une décision, il faut être un nombre impair de personnes, et trois c'est déjà trop.
</texte>
	</citation>
	<citation>
		<auteur>Alexandre Dumas</auteur>
		<motcle>femme</motcle>
		<texte>Les femmes sont étonnantes : ou elles ne pensent à rien, ou elles pensent à autre chose.</texte>
	</citation>
	<citation>
		<auteur>Bertolt Brecht</auteur>
		<texte>Qu'advient-il du trou lorsque le fromage a disparu ?</texte>
	</citation>
	<citation>
		<auteur>Arthur Schopenhauer</auteur>
		<texte>La richesse est pareille à l'eau de mer : plus on en boit, plus on a soif.</texte>
	</citation>
	<citation>
		<auteur>Arthur Schopenhauer</auteur>
		<texte>Le mépris vient de la tête, la haine vient du coeur et l’un exclut l’autre.</texte>
	</citation>
	<citation>
		<auteur>Jean Rostand</auteur>
		<texte>On gagne plus à avoir aimé qu'à avoir compris.</texte>
		<ouvrage>Extrait des Inquiétudes d'un biologiste</ouvrage>
	</citation>
	<citation>
		<auteur>François René de Chateaubriand</auteur>
		<motcle>mépris</motcle>
		<texte>Il y a des temps où l’on ne doit dépenser le mépris qu’avec économie, à cause du grand nombre de nécessiteux.
</texte>
		<ouvrage>Mémoires d'outre-tombe</ouvrage>
	</citation>
	<citation>
		<auteur>Marcel Achard</auteur>
		<motcle>espérance</motcle>
		<texte>L'espérance est un de ces remèdes qui ne guérissent pas mais qui permettent de souffrir plus longtemps.
</texte>
	</citation>
	<citation>
		<auteur>Marcel Achard</auteur>
		<motcle>bonheur</motcle>
		<texte>Le bonheur, c'est la somme de tous les malheurs qu'on n'a pas.</texte>
	</citation>
	<citation>
		<auteur>Marcel Achard</auteur>
		<texte>J’ai des tas d’idées brillantes et nouvelles, mais les brillantes ne sont pas nouvelles, et les nouvelles ne sont pas brillantes.
</texte>
	</citation>
	<citation>
		<auteur>Henriqueta Lisboa</auteur><motcle>Guerre</motcle>
		<texte> Pour parler de la guerre Il n'y a que des larmes.</texte>
		<ouvrage>Un poète s'en fut en guerre</ouvrage>
	</citation>
	<citation>
		<auteur>Henri Lacordaire</auteur>
		<texte>Entre le passé où sont nos souvenirs et l’avenir où sont nos espérances, il y a le présent où sont nos devoirs.
</texte>
	</citation>
	<citation>
		<auteur>William Shakespeare</auteur>
		<texte>Les mots ne paient pas les dettes.</texte>
	</citation>
	<citation>
		<auteur>Edmond et Jules de Goncourt</auteur>
		<motcle>bonheur</motcle>
		<motcle>argent</motcle>
		<texte>L'argent n'est que la fausse monnaie du bonheur.</texte>
	</citation>
	<citation>
		<auteur>Edmond et Jules de Goncourt</auteur>
		<texte>Penser qu'on ne sait pas le nom du premier cochon qui a trouvé une truffe !</texte>
	</citation>
	<citation>
		<auteur>Raymond Aron</auteur>
		<texte>Ce sont les hommes qui écrivent l'histoire, mais ils ne savent pas l'histoire qu'ils écrivent.
</texte>
	</citation>
	<citation>
		<auteur>Voltaire</auteur>
		<texte>Le prudent se fait du bien, le vertueux en fait aux autres.</texte>
	</citation>
	<citation>
		<auteur>Voltaire</auteur>
		<texte>La beauté n'est qu'un piège tendu par la nature à la raison.</texte>
	</citation>
	<citation>
		<auteur>Voltaire</auteur>
		<texte>On aime mieux son égal que son maître.</texte>
	</citation>
	<citation>
		<auteur>Voltaire</auteur>
		<texte>Pour la plupart des hommes, se corriger consiste à changer de défauts.</texte>
	</citation>
	<citation>
		<auteur>Guy de Maupassant</auteur>
		<ouvrage>Le Horla</ouvrage>
		<texte>L'oeil... Tout l'univers est en lui, puisqu'il voit, puisqu'il reflète.</texte>
	</citation>
	<citation>
		<auteur>Voltaire</auteur>
		<ouvrage>Poème sur la Loi Naturelle</ouvrage>
		<texte>Que conclure à la fin de tous mes longs propos ? C'est que les préjugés sont la raison des sots.</texte>
	</citation>
	<citation>
		<auteur>Louis Aragon</auteur>
		<ouvrage>Extrait du Traité du style</ouvrage>
		<theme>société</theme>
		<motcle>génie</motcle>
		<motcle>idée</motcle>
		<texte>Le propre du génie est de fournir des idées aux crétins une vingtaine d'années plus tard.</texte>
	</citation>
	<citation>
		<auteur>Frédéric Dard</auteur>
		<theme>société</theme>
		<motcle>célibataire</motcle>
		<texte>La plupart des ménages sont composés de célibataires mariés.</texte>
	</citation>
	<citation>
		<auteur>Jacques Prévert</auteur>
		<motcle>idée</motcle>
		<texte>La meilleure façon de ne pas avancer est de suivre une idée fixe.</texte>
	</citation>
	<citation>
		<auteur>Georges Clemenceau</auteur>
		<theme>politique</theme>
		<motcle>démocratie</motcle>
		<texte>La démocratie, c'est le pouvoir pour les poux de manger les lions.</texte>
	</citation>
	<citation>
		<auteur>Tristan Bernard</auteur>
		<ouvrage>Le poil civil</ouvrage>
		<texte>Etre bête présente cet avantage que soi-même on ne s'en aperçoit pas.</texte>
	</citation>
	<citation>
		<auteur>Alphonse de Lamartine</auteur>
		<ouvrage>Extrait du poème L’homme</ouvrage>
		<texte> Ignorant d’où je viens, incertain où je vais.</texte>
	</citation>
	<citation>
		<auteur>Proverbe yiddish</auteur>
		<texte>Si tous tiraient dans la même direction, le monde basculerait.</texte>
	</citation>
	<citation>
		<auteur>Raymond Queneau</auteur>
		<theme>société</theme>
		<motcle>gens</motcle>
		<texte> Il y des gens qui trouvent toujours quelque chose à ne rien dire.</texte>
	</citation>
	<citation>
		<auteur>Pierre-Augustin Caron Beaumarchais</auteur>
		<ouvrage>Le Mariage de Figaro</ouvrage>
		<texte>Sans la liberté de blâmer, il n’est point d’éloge flatteur.</texte>
	</citation>
	<citation>
		<auteur>Pierre-Augustin Caron Beaumarchais</auteur>
		<ouvrage>Le Mariage de Figaro</ouvrage>
		<texte>Dans le vaste champ de l'intrigue, il faut savoir tout cultiver, jusqu'à la vanité d'un sot.</texte>
	</citation>
	<citation>
		<auteur>Alfred Capus</auteur>
		<theme>éducation</theme>
		<texte>Certains hommes parlent pendant leur sommeil. Il n'y a guère que les conférenciers pour parler pendant le sommeil des autres.</texte>
	</citation>
	<citation>
		<auteur>Herbert Hoover</auteur>
		<theme>politique</theme>
		<texte>Bénis soient les plus jeunes, car ils hériteront du déficit budgétaire de l’Etat.</texte>
	</citation>
	<citation>
		<auteur>Stanislaw Jerzy Lec</auteur>
		<ouvrage>Extrait des Nouvelles pensées échevelées</ouvrage>
		<motcle>cicatrice</motcle>
		<texte>Les blessures se cicatrisent, mais les cicatrices continuent de grandir avec nous.</texte>
	</citation>
	<citation>
		<auteur>Stanislaw Jerzy Lec</auteur>
		<ouvrage>Extrait des Nouvelles pensées échevelées</ouvrage>
		<texte>Parfois, ce n'est qu'en quittant la scène qu'on peut savoir quel rôle on a joué.</texte>
	</citation>
	<citation>
		<auteur>Pierre Waldeck-Rousseau</auteur>
		<theme>politique</theme>
		<motcle>gouverner</motcle>
		<texte>Gouverner, c’est choisir entre deux inconvénients.</texte>
	</citation>
	<citation>
		<ouvrage>La Bible L’Ecclésiaste</ouvrage>
		<texte>Ne sois pas juste à l'excès, ni sage outre mesure. Pourquoi te rendrais-tu stupide ?</texte>
	</citation>
	<citation>
		<auteur>Edgar Allan Poe</auteur>
		<ouvrage>Un Chapitre d'idées</ouvrage>
		<texte>L'ignorance est une bénédiction, mais pour que la bénédiction soit complète l'ignorance doit être si profonde, qu'elle ne se soupçonne pas soi-même.</texte>
	</citation>
	<citation>
		<auteur>Mark Twain</auteur>
		<motcle>idée</motcle>
		<motcle>ami</motcle>
		<motcle>enfer</motcle>
		<texte>Je n'aime pas l'idée d'avoir à choisir entre le ciel et l'enfer : j'ai des amis dans les deux.</texte>
	</citation>
	<citation>
		<auteur>Mark Twain</auteur>
		<theme>société</theme>
		<motcle>riche</motcle>
		<motcle>pauvre</motcle>
		<texte>Les riches qui pensent que les pauvres sont heureux ne sont pas plus bêtes que les pauvres qui pensent que les riches le sont.</texte>
	</citation>
	<citation>
		<auteur>John Fitzgerald Kennedy</auteur><motcle>Guerre</motcle>
		<theme>politique</theme>
		<motcle>guerre</motcle>
		<texte>L'humanité devra mettre un terme à la guerre, ou la guerre mettra un terme à l'humanité.</texte>
	</citation>
	<citation>
		<auteur>Ronald Reagan</auteur>
		<ouvrage>Extrait du journal Saturday Evening Post - 1965</ouvrage>
		<theme>politique</theme>
		<motcle>gouvernement</motcle>
		<texte>Un gouvernement c’est comme un bébé. Un tube digestif avec un gros appétit à un bout et aucun sens des responsabilités de l’autre.</texte>
	</citation>
	<citation>
		<auteur>John Fitzgerald Kennedy</auteur>
		<theme>société</theme>
		<texte>On connait une nation aux hommes qu'elle produit, mais aussi à ceux dont elle se souvient et qu'elle honore.</texte>
	</citation>
	<citation>
		<auteur>John Fitzgerald Kennedy</auteur>
		<theme>politique</theme>
		<motcle>idéal</motcle>
		<motcle>illusion</motcle>
		<texte> Le vrai politique, c’est celui qui sait garder son idéal tout en perdant ses illusions.</texte>
	</citation>
	<citation>
		<auteur>Léonard de Vinci</auteur>
		<ouvrage>Extrait des Carnets</ouvrage>
		<motcle>esprit</motcle>
		<texte>Le fer se rouille, faute de s'en servir, l'eau stagnante perd de sa pureté et se glace par le froid. De même, l'inaction sape la vigueur de l'esprit.
</texte>
	</citation>
	<citation>
		<auteur>Alexandre Dumas</auteur>
		<theme>société</theme>
		<texte>J'aime mieux les méchants que les imbéciles, parce qu'ils se reposent.</texte>
	</citation>
	<citation>
		<auteur>Alexandre Dumas</auteur>
		<motcle>avenir</motcle>
		<texte>Rien ne fait voir l’avenir couleur de rose comme de le contempler à travers un verre de chambertin.
</texte>
	</citation>
	<citation>
		<auteur>Jean de La Bruyère</auteur>
		<ouvrage>Extrait des Caractères</ouvrage>
		<motcle>esprit</motcle>
		<texte>C’est une grande misère que de n’avoir pas assez d’esprit pour bien parler, ni assez de jugement pour se taire.
</texte>
	</citation>
	<citation>
		<auteur>Louise d’Epinay</auteur>
		<ouvrage>Extrait de ses Mémoires</ouvrage>
		<motcle>avenir</motcle>
		<motcle>passé</motcle>
		<motcle>présent</motcle>
		<texte>On voit le passé meilleur qu'il n'a été ; on trouve le présent pire qu'il n'est ; on espère l'avenir plus heureux qu'il ne sera.
</texte>
	</citation>
	<citation>
		<origine>Proverbe africain</origine>
		<motcle>arbre</motcle>
		<texte>Quand un arbre tombe, on l'entend ; quand la forêt pousse, pas un bruit.</texte>
	</citation>
	<citation>
		<auteur>Sören Kierkegaard</auteur>
		<theme>société</theme>
		<motcle>gens</motcle>
		<motcle>liberté</motcle>
		<texte> Que les gens sont absurdes ! Ils ne se servent jamais des libertés qu'ils possèdent, mais réclament celles qu'ils ne possèdent pas ; ils ont la liberté de pensée, ils exigent la liberté de parole.
</texte>
	</citation>
	<citation>
		<auteur>Marcel Duchamp</auteur>
		<texte> On peut voir celui qui regarde, mais on ne peut pas entendre celui qui écoute.</texte>
	</citation>
	<citation>
		<auteur>Alfred Capus</auteur>
		<ouvrage>Les Pensées</ouvrage>
		<texte> Les mots sont comme les sacs : ils prennent la forme de ce qu'on met dedans.</texte>
	</citation>
	<citation>
		<auteur>John Maynard Keynes</auteur>
		<theme>société</theme>
		<motcle>société</motcle>
		<texte>Les économistes sont présentement au volant de notre société, alors qu’ils devraient être sur la banquette arrière.</texte>
	</citation>
	<citation>
		<auteur>John Maynard Keynes</auteur>
		<motcle>idée</motcle>
		<texte>La difficulté n’est pas de comprendre les idées nouvelles, mais d’échapper aux idées anciennes.
</texte>
	</citation>
	<citation>
		<auteur>John Maynard Keynes</auteur>
		<texte> Ce qui arrive en fin de compte, ce n'est pas l'inévitable mais l'imprévisible.</texte>
	</citation>
	<citation>
		<auteur>Françoise Sagan</auteur>
		<ouvrage>Extrait d'un Entretien avec Jacques Jaubert</ouvrage>
		<theme>société</theme>
		<motcle>liberté</motcle>
		<texte>On a aussi peu de liberté maintenant qu'il y a vingt ans : faire l'amour était alors interdit aux jeunes filles ; maintenant c'est presque devenu obligatoire. Les tabous sont les mêmes.</texte>
	</citation>
	<citation>
		<auteur>Françoise Sagan</auteur>
		<texte>Quand on est mal parti, il faut essayer de continuer.</texte>
	</citation>
	<citation>
		<auteur>Françoise Sagan</auteur>
		<texte>Nous sommes peu à penser trop, trop à penser peu.</texte>
	</citation>
	<citation>
		<auteur>Françoise Sagan</auteur>
		<ouvrage>La robe mauve </ouvrage>
		<theme>politique</theme>
		<texte>La terre est peuplée de truqueurs et de bavards, qui se servent des mots comme d'une monnaie qu'ils sauraient fausse.
</texte>
	</citation>
	<citation>
		<auteur>Octavio Paz</auteur>
		<texte>L'eau parle sans cesse et jamais ne se répète.</texte>
	</citation>
	<citation>
		<auteur>Johann Wolfgang von Goethe</auteur>
		<ouvrage>Maximes et pensées</ouvrage>
		<texte>Si un arc-en-ciel dure un quart d'heure, on ne le regarde plus.</texte>
	</citation>
	<citation>
		<auteur>Jules Barbey d’Aurevilly</auteur>
		<ouvrage>Les Poètes</ouvrage>
		<theme>poésie</theme>
		<motcle>infini</motcle>
		<texte>Dans toute poésie, il y a une lutte secrète entre l'infini du sentiment et le fini de la langue dans laquelle cet infini se renferme sans se limiter.
</texte>
	</citation>
	<citation>
		<auteur>Blaise Pascal</auteur>
		<motcle>infini</motcle>
		<texte>Le silence éternel de ces espaces infinis m'effraie.</texte>
	</citation>
	<citation>
		<auteur>Victor Hugo</auteur>
		<motcle>infini</motcle>
		<texte>L'horizon souligne l'infini.</texte>
	</citation>
	<citation>
		<auteur>Roland Barthes</auteur>
		<motcle>infini</motcle>
		<texte>Ce que la photographie reproduit à l'infini n'a lieu qu'une fois.</texte>
	</citation>
	<citation>
		<auteur>William Shakespeare</auteur>
		<texte>Le diable peut citer les Écritures pour ses besoins.</texte>
	</citation>
	<citation>
		<auteur>William Shakespeare</auteur>
		<ouvrage>Hamlet</ouvrage>
		<texte>Quand il est sans remède, un chagrin est fini et qui n'a plus d'espoir n'aura plus de regrets.</texte>
	</citation>
	<citation>
		<auteur>Henry de Montherlant</auteur>
		<ouvrage>La Reine morte</ouvrage>
		<texte>Quand on vieillit, les colères deviennent des tristesses.</texte>
	</citation>
	<citation>
		<auteur>Henry de Montherlant</auteur>
		<ouvrage>Malatesta</ouvrage>
		<texte>Une petite flamme de folie, si on savait comme la vie s'en éclaire !</texte>
	</citation>
	<citation>
		<auteur>Henry de Montherlant</auteur>
		<ouvrage>Demain il fera jour</ouvrage>
		<theme>société</theme>
		<motcle>indifference</motcle>
		<texte>Ce qui dure, c'est l'indifférence. Rien ne tient mieux à l'arbre qu'une branche morte.</texte>
	</citation>
	<citation>
		<auteur>Henry de Montherlant</auteur>
		<ouvrage>La reine morte</ouvrage>
		<theme>politique</theme>
		<motcle>pouvoir</motcle>
		<texte>Il est parfois moins admirable d'user de son pouvoir, que de se retenir d'en user.</texte>
	</citation>
	<citation>
		<auteur>Henry de Montherlant</auteur>
		<ouvrage/>
		<texte>Après avoir fait l'amour, le premier qui parle dit une bêtise.</texte>
	</citation>
	<citation>
		<auteur>Henry de Montherlant</auteur>
		<ouvrage>Extrait des Carnets</ouvrage>
		<theme>politique</theme>
		<motcle>liberté</motcle>
		<texte>On reconnaît l'homme libre à ce qu'il est attaqué simultanément ou successivement par les partis opposés.
</texte>
	</citation>
	<citation>
		<auteur>Henry de Montherlant</auteur>
		<ouvrage>Les jeunes filles</ouvrage>
		<texte> La femme est faite pour un homme, l'homme est fait pour toutes les femmes : elle commence à aimer, quand lui, il a fini...</texte>
	</citation>
	<citation>
		<auteur>Henry de Montherlant</auteur>
		<ouvrage>Carnets</ouvrage>
		<texte>Ne rien promettre, et donner en disant que l'on refuse.</texte>
	</citation>
	<citation>
		<auteur>Henry de Montherlant</auteur>
		<ouvrage>La Reine morte </ouvrage>
		<theme>politique</theme>
		<motcle>gloire</motcle>
		<texte>La gloire des grands hommes est comme les ombres : elle s'allonge avec leur couchant.</texte>
	</citation>
	<citation>
		<auteur>Jean Giono</auteur>
		<theme>société</theme>
		<motcle>jeunesse</motcle>
		<texte>La jeunesse, c'est la passion pour l'inutile.</texte>
	</citation>
	<citation>
		<auteur>Jean Giono</auteur>
		<ouvrage>Le Poids du ciel</ouvrage>
		<texte>L'univers nous appartient dans la proportion où nous lui appartenons.</texte>
	</citation>
	<citation>
		<auteur>Jean Giono</auteur>
		<texte>Un homme ne va jamais plus loin que lorsqu’il ignore où il va.</texte>
	</citation>
	<citation>
		<auteur>Jorge Luis Borges</auteur>
		<ouvrage>Fictions</ouvrage>
		<texte>Le présent est indéfini, le futur n’a de réalité qu’en tant qu’espoir présent, le passé n’a de réalité qu’en tant que souvenir présent.</texte>
	</citation>
	<citation>
		<auteur>Arthur Schopenhauer</auteur>
		<ouvrage>Le monde comme volonté et représentation</ouvrage>
		<texte>Ce que raconte l'histoire n'est en fait que le long rêve, le songe lourd et confus de l'humanité.</texte>
	</citation>
	<citation>
		<auteur>Johann Wolfgang von Goethe</auteur>
		<ouvrage>Faust</ouvrage>
		<texte>Tout homme qui marche peut s'égarer.</texte>
	</citation>
	<citation>
		<auteur>Daniel Picouly</auteur>
		<texte>Les idées, c’est comme les gosses. Il ne suffit pas de les avoir, il faut les élever.</texte>
	</citation>
	<citation>
		<auteur>Emil Michel Cioran</auteur>
		<ouvrage>Syllogismes de l’amertume</ouvrage>
		<texte>Espérer, c’est démentir l’avenir.</texte>
	</citation>
	<citation>
		<auteur>Emil Michel Cioran</auteur>
		<ouvrage>De l'inconvénient d'être né</ouvrage>
		<texte>Le progrès est l'injustice que chaque génération commet à l'égard de celle qui l'a précédée.</texte>
	</citation>
	<citation>
		<auteur>Emil Michel Cioran</auteur>
		<ouvrage>La Chute dans le temps</ouvrage>
		<texte>Une civilisation débute par le mythe et finit par le doute.</texte>
	</citation>
	<citation>
		<auteur>Paul Valéry</auteur>
		<theme>science</theme>
		<motcle>histoire</motcle>
		<texte>L'histoire est la science des choses qui ne se répètent pas.</texte>
	</citation>
	<citation>
		<auteur>Charles Péguy</auteur>
		<texte>Le monde est plein d'honnêtes gens. On les reconnaît à ce qu'ils font les mauvais coups avec plus de maladresse.</texte>
	</citation>
	<citation>
		<auteur>Alexandre Pouchkine</auteur>
		<texte>J'ai remarqué que le jugement le plus dépourvu de fondement, la plus sotte grossièreté prend du poids, du fait de l'influence magique de l'imprimerie.</texte>
	</citation>
	<citation>
		<auteur>Anton Tchekhov</auteur>
		<theme>éducation</theme>
		<motcle>université</motcle>
		<texte>L’université développe tous les dons de l’homme, entre autres la bêtise</texte>
	</citation>
	<citation>
		<auteur>Anton Tchekhov</auteur>
		<theme>éducation</theme>
		<texte>Les hommes intelligents aiment apprendre. Les imbéciles aiment enseigner.</texte>
	</citation>
	<citation>
		<auteur>Ilya Ehrenbourg</auteur>
		<ouvrage>Extrait d’ A la rencontre de Tchekhov</ouvrage>
		<texte>La littérature ne modifie pas l'ordre établi, mais les hommes qui établissent cet ordre.</texte>
	</citation>
	<citation>
		<auteur>Francis Bacon</auteur>
		<motcle>art</motcle>
		<motcle>nature</motcle>
		<texte>L'art, c'est l'homme ajouté à la nature.</texte>
	</citation>
	<citation>
		<auteur>Francis Bacon</auteur>
		<ouvrage>Extrait des Essais</ouvrage>
		<texte>Serrer trop fort le pressoir donne un vin qui sent le pépin.</texte>
	</citation>
	<citation>
		<auteur>Francis Bacon</auteur>
		<ouvrage>Extrait des Essais</ouvrage>
		<texte>Attendons un peu pour finir plus vite.</texte>
	</citation>
	<citation>
		<auteur>Francis Bacon</auteur>
		<texte>Si on commence avec des certitudes, on finit avec des doutes. Si on commence avec des doutes, on finit avec des certitudes.</texte>
	</citation>
	<citation>
		<auteur>Francis Bacon</auteur>
		<texte> La prospérité révèle nos vices et l'adversité nos vertus.</texte>
	</citation>
	<citation>
		<auteur>Francis Bacon</auteur>
		<texte>J'ai hérité à la fois du talent de ma mère pour dépenser de l'argent et du don de mon père pour ne pas en gagner.</texte>
	</citation>
	<citation>
		<auteur>Montaigne</auteur>
		<ouvrage>Extrait des Essais</ouvrage>
		<theme>société</theme>
		<texte>J'ai vu en mon temps cent artisans, cent laboureurs, plus sages et plus heureux que des recteurs de l'université.</texte>
	</citation>
	<citation>
	  <auteur>Montaigne</auteur>
	  <motcle>âme</motcle>
	  <texte>notre âme s'élargit d'autant plus qu'elle se remplit</texte>
	</citation>
	
	<citation>
	  <auteur>Montaigne</auteur>
	  <motcle>âme</motcle>
	  <texte>j'aime mieux forger nom âme que la meubler</texte>
	</citation>
	
	<citation>
		<auteur>René Char</auteur>
		<texte>L'essentiel est sans cesse menacé par l'insignifiant.</texte>
	</citation>
	
	<citation>
		<auteur>René Char</auteur>
		<motcle>lucidité</motcle>
		<texte>La lucidité est la blessure la plus rapprochée du soleil</texte>
	</citation>
	<citation>
		<auteur>René Char</auteur>
		<motcle>lucidité</motcle>
		<texte>nous errons auprès de margelles dont on a soustrait les puits</texte>
	</citation>
	
	<citation>
		<auteur>Jean Jaurès</auteur>
		<motcle>homme</motcle>
		<texte>Quand les hommes ne peuvent changer les choses, ils changent les mots.</texte>
	</citation>
	<citation>
		<auteur>Jean Jaurès</auteur>
		<texte>C'est en allant vers la mer que le fleuve reste fidèle à sa source.</texte>
	</citation>
	<citation>
		<auteur>Pierre Carlet de Chamblain de Marivaux</auteur>
		<ouvrage>Le Paysan parvenu</ouvrage>
		<theme>éducation</theme>
		<texte>Bien écouter, c’est presque répondre.</texte>
	</citation>
	<citation>
		<auteur>Henri Poincaré</auteur>
		<theme>science</theme>
		<texte>On fait la science avec des faits, comme on fait une maison avec des pierres : mais une accumulation de faits n'est pas plus une science qu'un tas de pierres n'est une maison.</texte>
	</citation>
	<citation>
		<auteur>André Gide</auteur>
		<ouvrage>Traité du Narcisse</ouvrage>
		<theme>éducation</theme>
		<texte>Toutes choses sont dites déjà ; mais comme personne n’écoute, il faut toujours recommencer.</texte>
	</citation>
	<citation>
		<auteur>Confucius</auteur>
		<theme>éducation</theme>
		<texte>J’entends et j’oublie, Je vois et je me souviens, Je fais et je comprends.</texte>
	</citation>
	<citation>
		<auteur>Confucius</auteur>
		<theme>éducation</theme>
		<motcle>réponse</motcle>
		<motcle>question</motcle>
		<texte>Je ne cherche pas à connaître les réponses, je cherche à comprendre les questions.</texte>
	</citation>
	<citation>
		<auteur>Winston Churchill</auteur>
		<theme>société</theme>
		<theme>politique</theme>
		<motcle>changement</motcle>
		<texte> Il n'y a rien de négatif dans le changement, si c'est dans la bonne direction.</texte>
	</citation>
	<citation>
		<auteur>Héraclite d'Ephèse</auteur>
		<motcle>changement</motcle>
		<texte>Rien n'est permanent, sauf le changement.</texte>
	</citation>
	<citation>
		<auteur>Epictète</auteur>
		<motcle>changement</motcle>
		<texte>Tout est changement, non pour ne plus être mais pour devenir ce qui n'est pas encore.</texte>
	</citation>
	<citation>
		<auteur>Jacques Attali</auteur>
		<ouvrage>Fraternités - Une nouvelle utopie</ouvrage>
		<theme>société</theme>
		<texte>La ville est le seul être vivant capable de rajeunir vraiment.</texte>
	</citation>
	<citation>
		<auteur>Aristote</auteur>
		<theme>société</theme>
		<motcle>ville</motcle>
		<motcle>ensemble</motcle>
		<texte> Les hommes se rassemblent dans les villes pour vivre. Ils y restent ensemble pour jouir de la vie.</texte>
	</citation>
	<citation>
		<auteur>Pierre-Augustin Caron Beaumarchais</auteur>
		<ouvrage>Le Mariage de Figaro</ouvrage>
		<motcle>vanité</motcle>
		<texte>Dans le vaste champ de l'intrigue, il faut savoir tout cultiver, jusqu'à la vanité d'un sot.</texte>
	</citation>
	<citation>
		<auteur>Henri Lacordaire</auteur>
		<ouvrage>Extrait de la Quarante-cinquième conférence de Notre-Dame</ouvrage>
		<theme>société</theme>
		<motcle>riche</motcle>
		<motcle>pauvre</motcle>
		<motcle>liberté</motcle>
		<texte>Entre le fort et le faible, entre le riche et le pauvre, entre le maître et le serviteur, c'est la liberté qui opprime et la loi qui affranchit.</texte>
	</citation>
	<citation>
		<auteur>Georg Christoph Lichtenberg</auteur>
		<ouvrage>Extrait des Aphorismes</ouvrage>
		<theme>livre</theme>
		<motcle>penser</motcle>
		<texte> Il y a beaucoup de gens qui lisent parce qu'ils sont trop paresseux pour penser.</texte>
	</citation>
	<citation>
		<auteur>Ernst Jünger</auteur>
		<ouvrage>Sur les falaises de marbre</ouvrage>
		<motcle>erreur</motcle>
		<texte>Une erreur ne devient une faute que lorsqu’on ne veut pas en démordre.</texte>
	</citation>
	<citation>
		<auteur>Emile Zola</auteur>
		<ouvrage>La joie de vivre</ouvrage>
		<theme>science</theme>
		<texte>Chaque fois que la science avance d'un pas, c'est qu'un imbécile la pousse, sans le faire exprès.</texte>
	</citation>
	<citation>
		<auteur>Henri Jeanson</auteur>
		<theme>politique</theme>
		<motcle>marxisme</motcle>
		<motcle>capitalisme</motcle>
		<texte>Le capitalisme, c'est l'exploitation de l'homme par l'homme ; et le marxisme, c'est le contraire.</texte>
	</citation>
	<citation>
		<auteur>Paul Valéry</auteur>
		<ouvrage>Rhumbs</ouvrage>
		<theme>politique</theme>
		<texte>La politique est l’art d’empêcher les gens de se mêler de ce qui les regarde.</texte>
	</citation>
	<citation>
		<auteur>Platon</auteur>
		<ouvrage>La république</ouvrage>
		<theme>société</theme>
		<texte>L’opinion est quelque chose d’intermédiaire entre la connaissance et l’ignorance.</texte>
	</citation>
	<citation>
		<auteur>Jules Michelet</auteur><motcle>Guerre</motcle>
		<ouvrage>Introduction à l'histoire universelle</ouvrage>
		<texte>Avec le monde a commencé une guerre qui doit finir avec le monde, et pas avant : celle de l'homme contre la nature, de l'esprit contre la matière, de la liberté contre la fatalité.</texte>
	</citation>
	<citation>
		<auteur>Gustave Flaubert</auteur>
		<texte>Le souvenir est l'espérance renversée. On regarde le fond du puits comme on a regardé le sommet de la tour.</texte>
	</citation>
	<citation>
		<origine>Proverbe turc</origine>
		<motcle>monde</motcle>
		<texte>Si ma chaussure est étroite, que m’importe que le monde soit vaste.</texte>
	</citation>
	<citation>
		<auteur>William Shakespeare</auteur>
		<ouvrage>Le roi Lear</ouvrage>
		<theme>politique</theme>
		<motcle>malheur</motcle>
		<texte>C’est un malheur du temps que les fous guident les aveugles.</texte>
	</citation>
	<citation>
		<auteur>Platon</auteur>
		<theme>politique</theme>
		<texte>L’un des préjudices d’avoir refusé de prendre part à la vie politique est que vous finissez par être gouverné par vos subordonnés.</texte>
	</citation>
	<citation>
		<auteur>Démocrite</auteur>
		<ouvrage>Cité dans Les Penseurs grecs avant Socrate</ouvrage>
		<motcle>réflexion</motcle>
		<motcle>connaissance</motcle>
		<texte>Beaucoup de réflexion et non beaucoup de connaissances, voilà à quoi il faut tendre.</texte>
	</citation>
	<citation>
		<auteur>Boris Vian</auteur>
		<ouvrage>Les fourmis</ouvrage>
		<texte>C’est drôle comme les gens qui se croient instruits éprouvent le besoin de faire chier le monde.</texte>
	</citation>
	<citation>
		<auteur>Marcel Proust</auteur>
		<ouvrage>À l’ombre des jeunes filles en fleurs</ouvrage>
		<texte>Chacun appelle “idées claires” celles qui sont au même degré de confusion que les siennes propres.</texte>
	</citation>
	<citation>
		<auteur>Amélie Nothomb</auteur>
		<ouvrage>Le Sabotage amoureux</ouvrage>
		<texte>Les théories servent à irriter les philistins, à séduire les esthètes et à faire rire les autres.</texte>
	</citation>
	<citation>
		<auteur>Amélie Nothomb</auteur>
		<ouvrage>Péplum</ouvrage>
		<texte>Il y aura toujours dans la foule un crétin qui, sous prétexte qu'il ne comprend pas, décrétera qu'il n'y a rien à comprendre.</texte>
	</citation>
	<citation>
		<auteur>Oscar Wilde</auteur>
		<ouvrage>L'éventail de Lady Windermere</ouvrage>
		<motcle>erreur</motcle>
		<texte>L'expérience est le nom que chacun donne à ses erreurs.</texte>
	</citation>
	<citation>
		<auteur>Jacques Lacan</auteur>
		<texte>Si vous avez compris, vous avez sûrement tort.</texte>
	</citation>
	<citation>
		<auteur>Paul Valéry</auteur>
		<ouvrage>Moralités</ouvrage>
		<theme>livre</theme>
		<texte>Les livres ont les mêmes ennemis que l'homme : le feu, l'humide, les bêtes, le temps, et leur propre contenu.</texte>
	</citation>
	<citation>
		<auteur>Marcel Jullian</auteur>
		<motcle>libre</motcle>
		<texte>On se croit libre quand on donne plus d'ordres qu'on en reçoit.</texte>
	</citation>
	<citation>
		<auteur>Léon-Paul Fargue</auteur>
		<theme>poésie</theme>
		<motcle>prose</motcle>
		<texte>La poésie, c'est le point où la prose décolle.</texte>
	</citation>
	<citation>
		<auteur>Novalis</auteur>
		<theme>poésie</theme>
		<theme>science</theme>
		<texte>Le poète comprend la nature mieux que l’homme de sciences.</texte>
	</citation>
	<citation>
		<auteur>Pierre de Coubertin</auteur>
		<theme>sport</theme>
		<texte>Le sport va chercher la peur pour la dominer, la fatigue pour en triompher, la difficulté pour la vaincre.</texte>
	</citation>
	<citation>
		<auteur>Pierre de Coubertin</auteur>
		<theme>sport</theme>
		<texte>Le sport va chercher la peur pour la dominer, la fatigue pour en triompher, la difficulté pour la vaincre.</texte>
	</citation>
	<citation>
		<auteur>Paul Claudel</auteur>
		<ouvrage/>
		<motcle>idée</motcle>
		<texte>Rien n’est plus dangereux qu’une idée quand on n’en a qu’une.</texte>
	</citation>
	<citation>
		<auteur>Paul Claudel</auteur>
		<motcle>héros</motcle>
		<texte>Les gens ne sont des héros que quand ils ne peuvent pas faire autrement.</texte>
	</citation>
	<citation>
		<auteur>William Shakespeare</auteur>
		<ouvrage>Macbeth</ouvrage>
		<motcle>monde</motcle>
		<texte>Pour leurrer le monde, ressemble au monde ; ressemble à l'innocente fleur, mais sois le serpent qu'elle cache.</texte>
	</citation>
	<citation>
		<auteur>William Shakespeare</auteur>
		<motcle>rêve</motcle>
		<texte>Ils ont échoué parce qu’ils n’avaient pas commencé par le rêve.</texte>
	</citation>
	<citation>
		<auteur>Jean Rostand</auteur>
		<ouvrage>Inquiétudes d'un biologiste</ouvrage>
		<texte>Attendre d'en savoir assez pour agir en toute lumière, c'est se condamner à l'inaction.</texte>
	</citation>
	<citation>
		<auteur>Jean Rostand</auteur>
		<ouvrage>Inquiétudes d’un biologiste</ouvrage>
		<theme>éducation</theme>
		<motcle>esprit</motcle>
		<texte>Avoir l’esprit ouvert n’est pas l’avoir béant à toutes les sottises.</texte>
	</citation>
	<citation>
		<auteur>Sénèque</auteur>
		<ouvrage>L'apocolokyntose</ouvrage>
		<theme>politique</theme>
		<motcle>roi</motcle>
		<texte>Le coq est roi sur son fumier.</texte>
	</citation>
	<citation>
		<auteur>Sénèque</auteur>
		<texte>Ce n'est pas parce que les choses sont difficiles que nous n'osons pas, c'est parce que nous n'osons pas qu'elles sont difficiles.</texte>
	</citation>
	<citation>
		<auteur>Platon</auteur>
		<ouvrage>Théétète</ouvrage>
		<motcle>philosophe</motcle>
		<texte>C'est la vraie marque d'un philosophe que le sentiment d'étonnement.</texte>
	</citation>
	<citation>
		<auteur>Platon</auteur>
		<ouvrage>Théétète</ouvrage>
		<theme>société</theme>
		<motcle>homme</motcle>
		<texte>L’homme est la mesure de toute chose.</texte>
	</citation>
	<citation>
		<auteur>Joseph Joubert</auteur>
		<ouvrage>Carnets</ouvrage>
		<texte>Certains critiques ressemblent assez à ces gens qui, toutes les fois qu'ils veulent rire, montrent de vilaines dents.</texte>
	</citation>
	<citation>
		<auteur>Joseph Joubert</auteur>
		<ouvrage>Carnets</ouvrage>
		<texte>La crédulité se forge plus de miracles que l'imposture ne peut en inventer.</texte>
	</citation>
	<citation>
		<auteur>Joseph Joubert</auteur>
		<ouvrage>Carnets</ouvrage>
		<texte>Le style oratoire a souvent les inconvénients de ces opéras dont la musique empêche d'entendre les paroles : ici les paroles empêchent de voir les pensées.</texte>
	</citation>
	<citation>
		<auteur>Joseph Joubert</auteur>
		<ouvrage>Carnets</ouvrage>
		<texte>On pense avec précipitation et on s'exprime avec soin, avec étude, avec effort. C'est un défaut du siècle.</texte>
	</citation>
	<citation>
		<auteur>Joseph Joubert</auteur>
		<ouvrage>Carnets</ouvrage>
		<theme>science</theme>
		<motcle>raisonnement</motcle>
		<texte>Le raisonnement n'est bon que dans les matières où nous n'y voyons goutte. C'est le vrai bâton de l'aveugle.</texte>
	</citation>
	<citation>
		<auteur>Joseph Joubert</auteur>
		<ouvrage>Carnets</ouvrage>
		<theme>société</theme>
		<motcle>révolution</motcle>
		<texte>Les révolutions sont des temps où le pauvre n'est pas sûr de sa probité, le riche de sa fortune et l'innocent de sa vie.</texte>
	</citation>
	<citation>
		<auteur>Joseph Joubert</auteur>
		<ouvrage>Extrait des Pensées, maximes et essais</ouvrage>
		<theme>société</theme>
		<texte> Il faut, quand on agit, se conformer aux règles, et quand on juge, avoir égard aux exceptions.</texte>
	</citation>
	<citation>
		<origine>Proverbe arabe</origine>
		<texte>Le paradis de la terre se trouve entre les seins d'une femme, sur le dos d'un cheval, dans les pages d'un livre.</texte>
	</citation>
	<citation>
		<auteur>Sénèque</auteur>
		<ouvrage>Extrait des Lettres à Lucilius</ouvrage>
		<texte>Les destins conduisent celui qui veut, ils traînent celui qui ne veut pas.</texte>
	</citation>
	<citation>
		<auteur>Denis Diderot</auteur>
		<theme>livre</theme>
		<texte>Un mot n'est pas la chose, mais un éclair à la lueur duquel on l'aperçoit.</texte>
	</citation>
	<citation>
		<auteur>Denis Diderot</auteur>
		<ouvrage>Extrait des Nouvelles pensées philosophiques</ouvrage>
		<texte>Se faire tuer ne prouve rien ; sinon qu'on n'est pas le plus fort.</texte>
	</citation>
	<citation>
		<auteur>Denis Diderot</auteur>
		<ouvrage>Extrait d’ Essai sur les règnes de Claude et Néron</ouvrage>
		<motcle>raison</motcle>
		<motcle>passion</motcle>
		<texte>La raison sans les passions serait presque un roi sans sujets.</texte>
	</citation>
	<citation>
		<auteur>André Suarès</auteur>
		<motcle>voyage</motcle>
		<texte>Le voyageur est encore ce qui importe le plus dans un voyage.</texte>
	</citation>
	<citation>
		<auteur>Sören Kierkegaard</auteur>
		<theme>société</theme>
		<motcle>liberté</motcle>
		<texte>Les gens exigent la liberté d’expression pour compenser la liberté de pensée qu’ils préfèrent éviter.</texte>
	</citation>
	<citation>
		<auteur>Maurice Chapelan</auteur>
		<theme/>
		<texte>Instruction : des pierres dans un sac. Culture : une graine dans un pot.</texte>
	</citation>
	<citation>
		<auteur>Marcel Duchamp</auteur>
		<texte>Faut-il réagir contre la paresse des voies ferrées entre deux passages de trains ?</texte>
	</citation>
	<citation>
		<auteur>Alfred Capus</auteur>
		<motcle>expérience</motcle>
		<texte>L’expérience, c’est la forme la plus maussade de la fatigue.</texte>
	</citation>
	<citation>
		<auteur>Lao-Tseu</auteur>
		<ouvrage>Tao Te King</ouvrage>
		<texte>De l'argile, nous faisons un pot, mais c'est le vide à l'intérieur qui retient ce que nous voulons.</texte>
	</citation>
	<citation>
		<auteur>Pierre Bourdieu</auteur>
		<ouvrage>Extrait du magazine Les Inrockuptibles - Avril 1997</ouvrage>
		<texte>Dans beaucoup de choix de la vie, il est difficile de savoir la part de la réaction contre et de l'inclination pour.</texte>
	</citation>
	<citation>
		<auteur>Paul Valéry</auteur>
		<theme>société</theme>
		<motcle>monde</motcle>
		<motcle>ordre</motcle>
		<motcle>désordre</motcle>
		<texte>Deux dangers ne cessent de menacer le monde ; l'ordre et le désordre.</texte>
	</citation>
	<citation>
		<auteur>Arthur Schopenhauer</auteur>
		<ouvrage/>
		<texte>Les femmes sont comme des miroirs, elle réfléchissent mais ne pensent pas.</texte>
	</citation>
	<citation>
		<auteur>Albert Guinon</auteur>
		<texte>Le contact de la femme est délicieux, et sa présence insupportable.</texte>
	</citation>
	<citation>
		<auteur>Albert Guinon</auteur>
		<motcle>passion</motcle>
		<texte>Les passionnés soulèvent le monde, et les sceptiques le laissent retomber.</texte>
	</citation>
	<citation>
		<auteur>Henry Havelock Ellis</auteur>
		<theme>société</theme>
		<motcle>progrès</motcle>
		<texte>Ce que nous appelons progrès est le remplacement d'un inconvénient par un autre.</texte>
	</citation>
	<citation>
		<auteur>Johann Wolfgang von Goethe</auteur>
		<ouvrage>Extrait des Sentences en prose</ouvrage>
		<theme>politique</theme>
		<texte>La majorité se compose d'un petit nombre de meneurs énergiques, de coquins qui s'accommodent, de faibles qui s'assimilent et de la masse qui suit cahin-caha, sans savoir le moins du monde ce qu'elle veut.</texte>
	</citation>
	<citation>
		<auteur>Johann Wolfgang von Goethe</auteur>
		<motcle>vérité</motcle>
		<motcle>erreur</motcle>
		<texte>Rien ne nuit plus à une vérité qu’une erreur ancienne.</texte>
	</citation>
	<citation>
		<auteur>Johann Wolfgang von Goethe</auteur>
		<theme>livre</theme>
		<texte> Le grand public pense que les livres, comme les oeufs, gagnent à être consommés frais. C'est pour cette raison qu'il choisit toujours la nouveauté.</texte>
	</citation>
	<citation>
		<auteur>Johann Wolfgang von Goethe</auteur>
		<ouvrage>Les Souffrances du jeune Werther</ouvrage>
		<texte> De quelle espèce sont donc tous ces gens, dont l’âme n’a pour assise que l’étiquette, dont toutes les pensées et tous les efforts ne tendent pendant des années qu’à avancer d’un siège vers le haut bout de la table ?</texte>
	</citation>
	<citation>
		<auteur>Georges Elgozy</auteur>
		<ouvrage>L'esprit des mots ou l'antidictionnaire</ouvrage>
		<theme>politique</theme>
		<theme>économie</theme>
		<texte>Un problème politique est un problème économique sans solution.</texte>
	</citation>
	<citation>
		<auteur>Jean Cocteau</auteur>
		<motcle>coeur</motcle>
		<texte>Le vrai tombeau des morts, c'est le coeur des vivants.</texte>
	</citation>
	<citation>
		<auteur>Jean Cocteau</auteur>
		<ouvrage>Le Discours d'Oxford</ouvrage>
		<texte>Tout ce qui se prouve est vulgaire, agir sans preuve exige un acte de foi.
</texte>
	</citation>
	<citation>
		<auteur>Jean Cocteau</auteur>
		<ouvrage>Le Rappel à l'ordre</ouvrage>
		<texte>Nous avons tous un épiderme sensible aux tziganes et aux marches militaires.</texte>
	</citation>
	<citation>
		<auteur>Jean Cocteau</auteur>
		<theme>livre</theme>
		<motcle>désordre</motcle>
		<texte> Un chef-d'oeuvre de la littérature n'est jamais qu'un dictionnaire en désordre.</texte>
	</citation>
	<citation>
		<auteur>Jean Cocteau</auteur>
		<ouvrage>Le Rappel à l’ordre</ouvrage>
		<texte>La source désapprouve presque toujours l’itinéraire du fleuve.</texte>
	</citation>
	<citation>
		<auteur>Jean Cocteau</auteur>
		<texte>Le verbe aimer est difficile à conjuguer : son passé n’est pas simple, son présent n’est qu’indicatif, et son futur est toujours conditionnel.</texte>
	</citation>
	<citation>
		<auteur>Nicolas Sarkozy</auteur>
		<theme>politique</theme>
		<motcle>pauvre</motcle>
		<texte>Casse-toi, pauvre c..</texte>
	</citation>
	<citation>
		<auteur>Nicolas Machiavel</auteur>
		<theme>politique</theme>
		<texte>En politique le choix est rarement entre le bien et le mal, mais entre le pire et le moindre mal.</texte>
	</citation>
	<citation>
		<auteur>Friedrich Nietzsche</auteur>
		<ouvrage>Extrait d’ Ainsi parlait Zarathoustra</ouvrage>
		<theme>éducation</theme>
		<motcle>élève</motcle>
		<texte>On paie mal un maître en ne restant toujours que l’élève.</texte>
	</citation>
	<citation>
		<auteur>Charles-Augustin Sainte-Beuve</auteur>
		<texte>Vieillir est encore le seul moyen qu’on ait trouvé de vivre longtemps.</texte>
		<ouvrage>En conversation sur le pont des arts</ouvrage>
	</citation>
	<citation>
		<auteur>Charles-Augustin Sainte-Beuve</auteur>
		<texte> Il faut dépasser le but pour l'atteindre.</texte>
	</citation>
	<citation>
		<auteur>Saint Augustin</auteur>
		<texte>La nécessité ne connaît pas de loi.</texte>
		<ouvrage>Solil, Animae ad Deum</ouvrage>
	</citation>
	<citation>
		<auteur>Charles-Augustin Sainte-Beuve</auteur>
		<texte>La postérité, de plus en plus, me paraît ressembler à un voyageur pressé qui fait sa malle, et qui ne peut y faire entrer qu'un petit nombre de volumes choisis.</texte>
		<ouvrage>Causeries du lundi</ouvrage>
	</citation>
	<citation>
		<auteur>François de La Rochefoucauld</auteur>
		<texte>La flatterie est une fausse monnaie qui n'a de cours que par notre vanité.</texte>
	</citation>
	<citation>
		<auteur>François de La Rochefoucauld</auteur>
		<texte>L'orgueil ne veut pas devoir, et l'amour-propre ne veut pas payer.</texte>
	</citation>
	<citation>
		<auteur>François de La Rochefoucauld</auteur>
		<texte> Les vertus se perdent dans l'intérêt, comme les fleuves se perdent dans la mer.</texte>
	</citation>
	<citation>
		<auteur>François de La Rochefoucauld</auteur>
		<texte>Il y a peu de femmes dont le mérite dure plus que la beauté.</texte>
	</citation>
	<citation>
		<auteur>Sénèque</auteur>
		<texte>Etudie, non pour savoir plus, mais pour savoir mieux.</texte>
	</citation>
	<citation>
		<auteur>Sénèque</auteur>
		<texte>Toute méchanceté a sa source dans la faiblesse.</texte>
		<ouvrage>La vie heureuse</ouvrage>
	</citation>
	<citation>
		<auteur>Sénèque</auteur>
		<texte>La preuve du pire, c'est la foule</texte>
		<ouvrage>La vie heureuse</ouvrage>
	</citation>
	<citation>
		<auteur>Sénèque</auteur>
		<texte>Tu cesseras de craindre en cessant d'espérer. La crainte et l'espoir qui paraissent inconciliables sont pourtant étroitement unies.</texte>
	</citation>
	<citation>
		<auteur>Aristote</auteur>
		<texte>L’ignorant affirme, le savant doute, le sage réfléchit.</texte>
	</citation>
	<citation>
		<auteur>Aristote</auteur>
		<texte>Celui qui n'est plus ton ami ne l'a jamais été.</texte>
	</citation>
	<citation>
		<auteur>Aristote</auteur>
		<theme>éducation</theme>
		<texte> Les racines de l'éducation sont amères, mais ses fruits sont doux.</texte>
	</citation>
	<citation>
		<auteur>Aristote</auteur>
		<texte>Le commencement est beaucoup plus que la moitié de l'objectif.</texte>
	</citation>
	<citation>
		<auteur>André Gide</auteur>
		<motcle>art</motcle>
		<texte>L'oeuvre d'art, c'est une idée qu'on exagère.</texte>
		<ouvrage>Journal</ouvrage>
	</citation>
	<citation>
		<auteur>André Gide</auteur>
		<texte>Il y a ce que l’on sait et il y a ce que l’on ignore. Entre deux, ce que l’on suppose.</texte>
		<ouvrage>Journal</ouvrage>
	</citation>
	<citation>
		<auteur>André Gide</auteur>
		<texte>Une explication n'est pas nécessairement une approbation ; mais le plus souvent on estime inutile de chercher à comprendre ce que l'on réprouve.</texte>
		<ouvrage>Journal</ouvrage>
	</citation>
	<citation>
		<auteur>André Gide</auteur>
		<texte>Il est extrêmement rare que la montagne soit abrupte de tous côtés.</texte>
		<ouvrage>Journal</ouvrage>
	</citation>
	<citation>
		<auteur>Paul Morand</auteur>
		<texte>Voyager, c’est demander d’un coup à la distance ce que le temps ne pourrait nous donner que peu à peu.</texte>
		<ouvrage>Eloge du repos</ouvrage>
	</citation>
	<citation>
		<auteur>Anatole France</auteur>
		<motcle>jeunesse</motcle>
		<texte>La jeunesse a cela de beau qu’elle peut admirer sans comprendre. </texte>
	</citation>
	<citation>
		<auteur>Anatole France</auteur>
		<texte> Les hommes le plus souvent se querellent pour des mots. C'est pour des mots qu'ils tuent et se font tuer le plus volontiers.</texte>
	</citation>
	<citation>
		<auteur>William Shakespeare</auteur>
		<texte> C'est à l'endroit où l'eau est la plus profonde qu'elle est le plus calme.</texte>
	</citation>
	<citation>
		<auteur>William Shakespeare</auteur>
		<texte>Quel besoin y a-t-il que le pont soit plus large que la rivière ? Le nécessaire est toujours la plus juste des concessions</texte>
	</citation>
	<citation>
		<auteur>Paul Valéry</auteur>
		<texte> Le mensonge et la crédulité s'accouplent et engendrent l'opinion.</texte>
	</citation>
	<citation>
		<auteur>Julian Barnes</auteur>
		<texte> Un Anglais a dit que le mariage est un long repas terne où le dessert est servi en premier.</texte>
	</citation>
	<citation>
		<auteur>Léon Tolstoï</auteur>
		<texte>La charité du pauvre est de ne pas haïr le riche. </texte>
	</citation>
	<citation>
		<auteur>Marcel Achard</auteur>
		<texte>Il est plus facile de sortir de ses gonds que d'y rentrer. </texte>
	</citation>
	<citation>
		<auteur>Honoré de Balzac</auteur>
		<texte>La gloire est le soleil des morts.</texte>
	</citation>
	<citation>
		<auteur>Gaston Bachelard</auteur>
		<texte> Imaginer, c'est hausser le réel d'un ton.</texte>
	</citation>
	<citation>
		<auteur>Gaston Bachelard</auteur>
		<texte>Celui qui trouve sans chercher est celui qui a longtemps cherché sans trouver.</texte>
	</citation>
	<citation>
		<auteur>Gaston Bachelard</auteur>
		<texte> Il faut que l'imagination prenne trop pour que la pensée ait assez. </texte>
	</citation>
	<citation>
		<auteur>François René de Chateaubriand</auteur>
		<texte> Les institutions passent par trois périodes : celle des services, celle des privilèges, celle des abus.</texte>
	</citation>
	<citation>
		<auteur>François René de Chateaubriand</auteur>
		<texte>Les forêts précèdent les peuples, les déserts les suivent.</texte>
	</citation>
	<citation>
		<auteur>François René de Chateaubriand</auteur>
		<texte> L'homme n'a pas besoin de voyager pour s'agrandir ; il porte avec lui l'immensité.</texte>
	</citation>
	<citation>
		<auteur>François René de Chateaubriand</auteur>
		<texte>En ce temps-là, la vieillesse était une dignité ; aujourd'hui, elle est une charge. </texte>
	</citation>
	<citation>
		<auteur>François René de Chateaubriand</auteur>
		<texte> Le ciel fait rarement naître ensemble l’homme qui veut et l’homme qui peut. </texte>
	</citation>
	<citation>
		<auteur>Henri Bergson</auteur>
		<texte>Il faut agir en homme de pensée et penser en homme d'action</texte>
	</citation>
	<citation>
		<auteur>Henri Bergson</auteur>
		<texte>L'art de l'écrivain consiste surtout à nous faire oublier qu'il emploie des mots.
</texte>
	</citation>
	<citation>
		<auteur>Henri Bergson</auteur>
		<texte>Notre esprit a une irrésistible tendance à considérer comme plus claire l'idée qui lui sert le plus souvent. </texte>
	</citation>
	<citation>
		<auteur>Henri Michaud</auteur>
		<texte>Si un contemplatif se jette à l’eau, il n’essaiera pas de nager, il essaiera d’abord de comprendre l’eau. Et il se noiera. </texte>
		<ouvrage>Le Portrait de A</ouvrage>
	</citation>
	<citation>
		<auteur>Henri Michaud</auteur>
		<texte>Qui laisse une trace, laisse une plaie.</texte>
		<ouvrage>face aux verrous</ouvrage>
	</citation>
	<citation>
		<auteur>Henri Michaud</auteur>
		<theme>éducation</theme>
		<texte>L'enseignement de l'araignée n'est pas pour la mouche.  </texte>
		<ouvrage>face aux verrous</ouvrage>
	</citation>
	
	<citation>
	<auteur>Cioran</auteur>
	<motcle>esprit</motcle>
	<texte> Se méfier des penseurs dont l'esprit ne fonctionne qu'à partir d'une citation. </texte>
	</citation>
	
	<citation>
	<auteur>Cioran</auteur>
	<texte>Tous les penseurs sont des ratés de l'action et qui se vengent de leur échec par l'entremise des concepts.</texte>
	<ouvrage>Précis de décomposition</ouvrage>
	</citation>
	
	<citation>
	<auteur>Démocrite</auteur>
	<texte>La parole est l’ombre de l’action.</texte>
	</citation> 
	
    <citation>
    <auteur>Laurence Peter</auteur>
    <theme>économie</theme>
    <texte>Un économiste est un expert qui saura demain pourquoi ce qu'il avait prédit hier ne s'est pas produit aujourd'hui.</texte>
    </citation>	

<citation>
    <auteur>Alfred Knopf</auteur>
    <theme>économie</theme>
    <texte> Un économiste est quelqu’un qui expose l’évidence en termes incompréhensibles. » 
</texte>
    </citation>
<citation>
    <auteur>Alec Douglas-Home</auteur>
    <theme>économie</theme>
    <texte>Il y a deux types de problèmes dans la vie : les problèmes politiques sont insolubles et les problèmes économiques sont incompréhensibles. </texte>
    </citation>

<citation>
    <auteur>Jean Paulhan</auteur>
    <texte>Il est de la nature de l’évidence qu’elle passe inaperçue. </texte>
    </citation>
<citation>
    <auteur>Jean Baudrillard</auteur>
    <texte> L'eau en poudre : il suffit de rajouter de l'eau pour obtenir de l'eau.</texte>
    </citation>

<citation>
    <auteur>Talleyrand</auteur>
    <theme>politique</theme>
    <texte>On connaît, dans les grandes cours, un autre moyen de se grandir : c’est de se courber. </texte>
    </citation>

<citation>
    <auteur>Talleyrand</auteur>
    <theme>politique</theme>
    <texte>La politique ce n'est qu'une certaine façon d'agiter le peuple avant de s'en servir. </texte>
    </citation>

<citation>
    <auteur>Talleyrand</auteur>
    <theme>politique</theme>
    <texte>Les financiers ne font bien leurs affaires que lorsque l'État les fait mal.</texte>
    </citation>

<citation>
    <auteur>Christian Bobin</auteur>
    <texte>Ce qu'on sait de quelqu'un empêche de le connaître.</texte>
    </citation>
 
<citation>
    <auteur>Miguel de Cervantès</auteur>
    <motcle>âme</motcle>
    <texte> La plume est la langue de l’âme. </texte>
    </citation>

<citation>
    <auteur>Joris-Karl Huysmans</auteur>
    <texte>Les ordres contemplatifs sont les paratonnerres de la société.</texte>
    </citation>

<citation>
<auteur>Patrick Modiano</auteur>
<motcle>avenir</motcle>
<texte>Le Goncourt, c'est un peu comme l'élection de Miss France. Sans avenir.</texte>
</citation> 

<citation>
<auteur>Patrick Modiano</auteur>
<texte> Il suffit parfois de rayer deux ou trois mots sur une page pour que tout change. </texte>
</citation>

<citation>
<auteur>Patrick Modiano</auteur>
<theme>société</theme>
<texte>Un jour les aînés ne sont plus là. Et il faut malheureusement se résoudre à vivre avec ses contemporains.</texte>
</citation>

<citation>
    <auteur>Christian Bobin</auteur>
    <motcle>enfant</motcle>
    <texte>Les enfants, ce n'est pas sorcier, ça pousse à travers nos erreurs. </texte>
    </citation>

<citation>
    <auteur>Christian Bobin</auteur>
    <motcle>enfant</motcle>
    <texte>Les enfants sont comme les marins : où que se portent leurs yeux, partout c'est l'immense.</texte>
    </citation>

<citation>
<auteur>Rimbaud</auteur>
<motcle>homme</motcle>
<texte>Si stupide que soit son existence, l'homme s'y rattache toujours. </texte>
</citation>

<citation>
<auteur>Rimbaud</auteur>
<motcle>éternité</motcle>
<texte> L'éternité c'est la mer mêlée au soleil. </texte>
</citation>
<citation>
<auteur>Thucydide</auteur>
<motcle></motcle>
<texte>Il faut choisir: se reposer ou être libre</texte>
</citation>
<citation>
<auteur>Thucydide</auteur><motcle>Guerre</motcle>
<motcle></motcle>
<texte>A la guerre, l'occasion n'attend pas></texte>
</citation>
<citation>
<auteur>Thucydide</auteur>
<motcle>homme</motcle>
<texte>Il est dans la nature de l'homme d'opprimer ceux qui cèdent et de respecter ceux qui résistent.</texte>
</citation>
<citation>
<auteur>Thucydide</auteur>
<motcle>volonté</motcle>
<texte>L'épaisseur du rempart compte moins que la volonté de le prendre.</texte>
</citation>
<citation>
<auteur>Thucydide</auteur>
<motcle>violence</motcle>
<texte>Quand on peut user de violence, il n'est nul besoin de procès.</texte>
</citation>
<citation>
<auteur>Louis Guilloux</auteur>
<texte>L'homme n'était pas nécéssaire</texte>
</citation> 
<citation>
<auteur>Louis Guilloux</auteur>
<texte>La vie, c'est ce dont on s'empare</texte>
</citation>  
<citation>
<auteur>Louis Guilloux</auteur>
<texte>Mais c'est toujours la même histoire, mon cher, on n'en sort pas : l'intellectuel contre le pot au feu, quoi !</texte>
</citation> 
<citation>
<auteur>Warren Buffett</auteur>
<texte>C'est quand la mer se retire qu'on voit ceux qui se baignent nus.</texte>
</citation>
<citation>
<auteur>Warren Buffett</auteur>
<texte>Si vous ne connaissez pas les bijoux, connaissez le bijoutier</texte>
</citation>
<citation>
<auteur>Warren Buffett</auteur>
<texte>Quand on est dans un trou, la pire chose à faire est de continuer de creuser.</texte>
</citation>
<citation>
<auteur>Warren Buffett</auteur>
<texte>Je veux pouvoir expliquer mes erreurs. C'est pourquoi je ne fais que des choses que je comprends.</texte>
</citation>

<citation>
<auteur>Protagoras</auteur>
<texte>Ce que l'homme appelle vérité, c'est toujours sa vérité, c'est-à-dire l'aspect sous lequel les choses lui apparaissent</texte>
</citation> 
<citation>
<auteur>André Gide</auteur>
<texte>Croyez ceux qui cherchent la vérité, doutez de ceux qui la trouvent</texte>
</citation>
<citation>
<auteur>Ernest Renan</auteur>
<texte>Le doute est un hommage que l'on rend à la vérité</texte>
</citation>
<citation>
<auteur>Charles Péguy</auteur>
<texte>Quarante ans est un âge terrible. Car c’est l’âge où nous devenons ce que nous sommes</texte>
</citation>
<citation>
<auteur>Charles Péguy</auteur>
<texte>Il y a quelque chose de pire que d'avoir une mauvaise pensée. C'est d'avoir une pensée toute faite</texte>
</citation>
<citation>
<auteur>Charles Péguy</auteur>
<texte>On reconnaît les honnêtes gens à ce qu'ils font leurs mauvais coups avec plus de maladresse que les autres</texte>
</citation>
<citation>
<auteur>Paul Nizan</auteur>
<texte>J'avais vingt ans. Je ne laisserai personne dire que c'est le plus bel âge de la vie</texte>
</citation>
<citation>
<auteur>Paul Nizan</auteur>
<texte>l n'y a qu'une espèce valide de voyages, qui est la marche vers les hommes.</texte>
</citation>
<citation>
<auteur>Paul Nizan</auteur>
<texte>Il connaît le prix de la liberté. Il sait déjà que tout se paie, le repos par la peine, la liberté par les coups, l'amour par l'ennui et la vie par la mort.</texte>
</citation>
</citations>
