<html>
	<head>
		<META http-equiv="Content-Type" content="text/html; charset=UTF-8">
	</head>
	<body>
		<h2>1992</h2>
		<table border="1">
			<tr>
				<td>Reservoir Dogs</td>
				<td>1992</td>
				<td>8,4</td>
				<td>357 507</td>
			</tr>
			<tr>
				<td>Impitoyable</td>
				<td>1992</td>
				<td>8,3</td>
				<td>165 103</td>
			</tr>
		</table>
		<h2>1996</h2>
		<table border="1">
			<tr>
				<td>Fargo</td>
				<td>1996</td>
				<td>8,2</td>
				<td>250 677</td>
			</tr>
			<tr>
				<td>Trainspotting</td>
				<td>1996</td>
				<td>8,1</td>
				<td>264 217</td>
			</tr>
		</table>
		<h2>2001</h2>
		<table border="1">
			<tr>
				<td>Le
					seigneur des anneaux - La communaut&eacute;
					de l'anneau
				</td>
				<td>2001</td>
				<td>8,8</td>
				<td>676 822</td>
			</tr>
			<tr>
				<td>Le voyage de Chihiro</td>
				<td>2001</td>
				<td>8,5</td>
				<td>203 467</td>
			</tr>
			<tr>
				<td>Le
					fabuleux destin d'Am&eacute;lie
					Poulain
				</td>
				<td>2001</td>
				<td>8,4</td>
				<td>305 456</td>
			</tr>
			<tr>
				<td>Donnie Darko</td>
				<td>2001</td>
				<td>8,1</td>
				<td>349 033</td>
			</tr>
			<tr>
				<td>Un homme d'exception</td>
				<td>2001</td>
				<td>8,0</td>
				<td>283 943</td>
			</tr>
			<tr>
				<td>Monstres et Cie</td>
				<td>2001</td>
				<td>8,0</td>
				<td>266 603</td>
			</tr>
		</table>
		<h2>2010</h2>
		<table border="1">
			<tr>
				<td>Inception</td>
				<td>2010</td>
				<td>8,7</td>
				<td>705 051</td>
			</tr>
			<tr>
				<td>Toy Story 3</td>
				<td>2010</td>
				<td>8,4</td>
				<td>267 540</td>
			</tr>
			<tr>
				<td>Le discours d'un roi</td>
				<td>2010</td>
				<td>8,1</td>
				<td>234 782</td>
			</tr>
			<tr>
				<td>Dragons</td>
				<td>2010</td>
				<td>8,1</td>
				<td>197 283</td>
			</tr>
			<tr>
				<td>Black Swan</td>
				<td>2010</td>
				<td>8,1</td>
				<td>311 741</td>
			</tr>
			<tr>
				<td>Shutter Island</td>
				<td>2010</td>
				<td>8,0</td>
				<td>354 432</td>
			</tr>
			<tr>
				<td>Incendies</td>
				<td>2010</td>
				<td>8,0</td>
				<td>26 901</td>
			</tr>
		</table>
	</body>
</html>
