<html>
<head>
<META http-equiv="Content-Type" content="text/html; charset=UTF-8">
<meta charset="UTF-8">
<title>Queneau!</title>
</head>
<body>
<p id="1">D&eacute;sirez-vous conna&icirc;tre l'histoire des trois alertes petits pois ?<br>
<a href="#4">Oui</a>
<br>
<a href="#2">Non</a>
<br>
</p>
<p id="2">Pr&eacute;f&eacute;rez-vous celle des trois minces grands &eacute;chalas ?<br>
<a href="#16">Oui</a>
<br>
<a href="#3">Non</a>
<br>
</p>
<p id="3">Pr&eacute;f&eacute;rez-vous celle des trois moyens m&eacute;diocres arbustes ?<br>
<a href="#17">Oui</a>
<br>
<a href="#21">Non</a>
<br>
</p>
<p id="4"> Il y avait une fois trois petits pois v&ecirc;tus de vert qui dormaient gentiment dans leur cosse. Leur visage bien rond respirait par les trous de leurs narines et l'on entendait leur ronflement doux et harmonieux.<br>
<a href="#9">vous pr&eacute;f&eacute;rez une autre description</a>
<br>
<a href="#5">celle-&ccedil;i vous convient</a>
<br>
</p>
<p id="5"> Ils ne r&ecirc;vaient pas. Ces petits &ecirc;tres en effet ne r&ecirc;vent jamais<br>
<a href="#6">Si vous pr&eacute;f&eacute;rez qu'ils r&ecirc;vent</a>
<br>
<a href="#7">sinon</a>
<br>
</p>
<p id="6">Ils r&ecirc;vaient. Ces petits &ecirc;tres en effet r&ecirc;vent toujours et leurs nuits s&eacute;cr&egrave;tent des songes charmants.<br>
<a href="#7">vous d&eacute;sirez conna&icirc;tre ces songes</a>
<br>
<a href="#7">vous n'y tenez pas</a>
<br>
</p>
<p id="7">Leurs pieds mignons trempaient dans de chaudes chaussettes et ils portaient au lit des gants de velours noir<br>
<a href="#8">vous pr&eacute;f&eacute;rez des gants d'une autre couleur,</a>
<br>
<a href="#10">cette couleur vous convient</a>
<br>
</p>
<p id="8"> Ils portaient au lit des gants de velours bleu<br>
<a href="#7">vous pr&eacute;f&eacute;rez des gants d'une autre couleur</a>
<br>
<a href="#10">cette couleur vous convient</a>
<br>
</p>
<p id="9"> Il y avait une fois trois petits pois qui roulaient leur bosse sur les grands chemins. Le soir venu, fatigu&eacute;s et las, ils s'endormirent tr&egrave;s rapidement.<br>
<a href="#5">vous d&eacute;sirez conna&icirc;tre la suite,</a>
<br>
<a href="#21">vous ne d&eacute;sirez pas conna&icirc;tre la suite,</a>
<br>
</p>
<p id="10">Tous les trois faisaient le m&ecirc;me r&ecirc;ve, ils s'aimaient en effet tendrement et, en bons fiers trumeaux, songeaient toujours semblablement.<br>
<a href="#11">vous d&eacute;sirez conna&icirc;tre leur r&ecirc;ve,</a>
<br>
<a href="#12">vous ne d&eacute;sirez pas conna&icirc;tre leur r&ecirc;ve,</a>
<br>
</p>
<p id="11">Ils r&ecirc;vaient qu'ils allaient chercher leur soupe &agrave; la cantine populaire et qu'en ouvrant leur gamelle ils d&eacute;couvraient que c'&eacute;tait de la soupe d'ers. D'horreur, ils s'&eacute;veillent.<br>
<a href="#">Si vous voulez savoir pourquoi ils s'&eacute;veillent d'horreur, consulter le Larousse au mot "ers" </a>
<br>
<a href="#12">si vous jugez inutile d'approfondir la question</a>
<br>
</p>
<p id="12">Opopo&iuml; ! s'&eacute;crient-ils en ouvrant les yeux. Opopo&iuml; ! quel songe avons-nous enfant&eacute; l&agrave; ! Mauvais pr&eacute;sage, dit le premier. Oui-da, dit le second, c'est bien vrai, me voil&agrave; triste. Ne vous troublez pas ainsi, dit le troisi&egrave;me qui &eacute;tait le plus fut&eacute;, il ne s'agit pas de s'&eacute;mouvoir, mais de comprendre, bref, Je m'en vais vous analyser &ccedil;a.<br>
<a href="#15">vous d&eacute;sirez conna&icirc;tre tout de suite l'interpr&eacute;tation de ce songe</a>
<br>
<a href="#13">vous souhaitez au contraire conna&icirc;tre les r&eacute;actions des deux autres</a>
<br>
</p>
<p id="13">Tu nous la bailles belle, dit le premier. Depuis quand sais-tu analyser les songes? Oui, depuis quand ? ajouta le second.<br>
<a href="#14">Si vous d&eacute;sirez aussi savoir depuis quand</a>
<br>
<a href="#14">sinon</a>
<br>
</p>
<p id="14">Depuis quand? s'&eacute;cria le troisi&egrave;me. Est-ce que je sais moi! Le fait est que je pratique la chose. Vous allez voir !<br>
<a href="#15">vous voulez aussi voir</a>
<br>
<a href="#15">sinon</a>
<br>
</p>
<p id="15">Eh bien! voyons, dirent ses fr&egrave;res. Votre ironie ne ne me pla&icirc;t pas, r&eacute;pliqua l'autre, et vous ne saurez rien.
D'ailleurs, au cours de cette conversation d'un ton assez vif, votre sentiment d'horreur ne s'est-il pas estomp&eacute; ? effac&eacute; m&ecirc;me? Alors &agrave; quoi bon remuer le bourbier de votre inconscient de papilionac&eacute;es? Allons plut&ocirc;t nous laver &agrave; la fontaine et saluer ce gai matin dans l'hygi&egrave;ne et la sainte euphorie! Aussit&ocirc;t dit, aussit&ocirc;t fait : les voil&agrave; qui se glissent hors de leur cosse, se laissent doucement rouler sur le sol et puis au petit trot gagnent joyeusement le th&eacute;&acirc;tre de leurs ablutions.<br>
<a href="#16">vous d&eacute;sirez savoir ce qui se passe sur le th&eacute;&acirc;tre de leurs ablutions</a>
<br>
<a href="#21">vous ne le d&eacute;sirez pas</a>
<br>
</p>
<p id="16">Trois grands &eacute;chalas les regardaient faire.<br>
<a href="#21">Si les trois grands &eacute;chalas vous d&eacute;plaisent,</a>
<br>
<a href="#18">s'ils vous conviennent</a>
<br>
</p>
<p id="17">Trois moyens m&eacute;diocres arbustes les regardaient faire.<br>
<a href="#21">Si les trois moyens m&eacute;diocres arbustes vous d&eacute;plaisent</a>
<br>
<a href="#18">s'ils vous conviennent</a>
<br>
</p>
<p id="18">Se voyant ainsi zyeut&eacute;s, les trois alertes petits pois qui &eacute;taient fort pudiques s'ensauv&egrave;rent.<br>
<a href="#19">Si vous d&eacute;sirez savoir ce qu'ils firent ensuite</a>
<br>
<a href="#21">si vous ne le d&eacute;sirez pas</a>
<br>
</p>
<p id="19">Ils coururent bien fort pour regagner leur cosse et, refermant celle-ci derri&egrave;re eux, s'y endormirent de nouveau.<br>
<a href="#20">Vous d&eacute;sirez conna&icirc;tre la suite</a>
<br>
<a href="#21">Vous ne le d&eacute;sirez pas</a>
<br>
</p>
<p id="20">Il n'y a pas de suite le conte est termin&eacute;.<br>
</p>
<p id="21">Dans ce cas, le conte est &eacute;galement termin&eacute;.<br>
</p>
</body>
</html>
